Bonavista—Trinity—Conception,"('1968', '2004', ['Bonavista—Twillingate', 'Trinity—Conception'], ['Avalon (electoral district)', 'Bonavista—Gander—Grand Falls—Windsor', ""Random—Burin—St. George's""])"
Burin—St. George's,"('1979', '2004', ['Burin—Burgeo', ""Humber—St. George's—St. Barbe""], [""Random—Burin—St. George's""])"
Gander—Grand-Falls,"('1988', '2004', ['Gander—Twillingate', 'Grand Falls—White Bay—Labrador'], ['Bonavista—Exploits', 'Humber—St. Barbe—Baie Verte', ""Random—Burin—St. George's""])"
Humber—St. Barbe—Baie Verte,"('1988', '2015', ['Grand Falls—White Bay—Labrador', 'Humber—Port au Port—St. Barbe'], ['Long Range Mountains (electoral district)', 'Coast of Bays—Central—Notre Dame'])"
Labrador (electoral district),"('1949', '1953', ['Grand Falls—White Bay'], ['Grand Falls—White Bay—Labrador'])","('1953', '1988', ['Grand Falls—White Bay—Labrador'], ['Labrador'])","('1988', '2019', ['Labrador'], ['Current riding'])"
St. John's East,"('1949', '2004', [""St. John's East""], [""St. John's North""])","('2004', '2006', [""St. John's North""], [""St. John's East""])","('2006', '2019', [""St. John's East""], ['Current riding'])"
St. John's West,"('1949', '2004', [""St. John's West""], ['Avalon (electoral district)', ""St. John's South—Mount Pearl""])"
Cardigan (electoral district),"('1968', '2019', [""King's (Prince Edward Island electoral district)"", ""Queen's (Prince Edward Island electoral district)""], ['Current riding'])"
Egmont (electoral district),"('1968', '2019', ['Prince (electoral district)'], ['Current riding'])"
Hillsborough (electoral district),"('1968', '2004', [""Queen's (Prince Edward Island electoral district)""], ['Charlottetown'])","('2004', '2019', ['Charlottetown'], ['Current riding'])"
Malpeque (electoral district),"('1968', '2019', ['Prince (electoral district)', ""Queen's (Prince Edward Island electoral district)""], ['Current riding'])"
Bras d'Or (electoral district),"('1997', '2000', ['Cape Breton Highlands—Canso', 'Cape Breton—East Richmond'], [""Bras d'Or—Cape Breton""])","('2000', '2004', [""Bras d'Or—Cape Breton""], ['Cape Breton—Canso'])","('2004', '2019', ['Cape Breton—Canso'], ['Current riding'])"
Cumberland—Colchester,"('1968', '1979', ['Cumberland (electoral district)', 'Colchester—Hants'], ['Cumberland—Colchester'])","('1979', '2004', ['Cumberland—Colchester'], ['North Nova'])","('2004', '2006', ['North Nova'], ['Cumberland—Colchester—Musquodoboit Valley'])","('2006', '2015', ['Cumberland—Colchester—Musquodoboit Valley'], ['Cumberland—Colchester'])","('2015', '2019', ['Cumberland—Colchester'], ['Current riding'])"
Dartmouth (electoral district),"('1968', '1988', ['Halifax (electoral district)'], ['Dartmouth'])","('1988', '2004', ['Dartmouth'], ['Dartmouth—Cole Harbour'])","('2004', '2019', ['Dartmouth—Cole Harbour'], ['Current riding'])"
Halifax (electoral district),"('1867', '2019', ['Halifax'], ['Current riding'])"
Halifax West,"('1979', '2019', ['Halifax—East Hants'], ['Current riding'])"
Kings—Hants,"('1968', '1979', ['Colchester—Hants', 'Digby—Annapolis—Kings'], ['Annapolis Valley—Hants'])","('1979', '1997', ['Annapolis Valley—Hants'], ['Kings—Hants'])","('1997', '2019', ['Kings—Hants'], ['Current riding'])"
Pictou—Antigonish—Guysborough,"('1997', '2004', ['Cape Breton Highlands—Canso', 'Central Nova'], ['Cape Breton—Canso', 'Central Nova'])"
Sackville—Eastern Shore,"('1997', '2004', ['Central Nova', 'Dartmouth (electoral district)'], ['Sackville—Eastern Shore'])","('2004', '2015', ['Sackville—Eastern Shore'], ['Sackville—Preston—Chezzetcook'])","('2015', '2019', ['Sackville—Preston—Chezzetcook'], ['Current riding'])"
South Shore (electoral district),"('1968', '2004', ['Queens—Lunenburg', 'Shelburne—Yarmouth—Clare'], [""South Shore—St. Margaret's""])","('2004', '2015', [""South Shore—St. Margaret's""], ['South Shore—St. Margarets'])","('2015', '2019', ['South Shore—St. Margarets'], ['Current riding'])"
Sydney—Victoria,"('1997', '2019', ['Cape Breton—The Sydneys', 'Cape Breton—East Richmond', 'Cape Breton Highlands—Canso'], ['Current riding'])"
West Nova,"('1968', '1979', ['Digby—Annapolis—Kings', 'Shelburne—Yarmouth—Clare'], ['South West Nova'])","('1979', '1997', ['South West Nova'], ['West Nova'])","('1997', '2019', ['West Nova'], ['Current riding'])"
Acadie—Bathurst,"('1867', '1993', ['Gloucester'], ['Acadie—Bathurst'])","('1993', '2019', ['Acadie—Bathurst'], ['Current riding'])"
Beauséjour—Petitcodiac,"('1968', '1988', ['Kent (New Brunswick electoral district)', 'Westmorland (electoral district)'], ['Beauséjour'])","('1988', '1997', ['Beauséjour'], ['Beauséjour—Petitcodiac'])","('1997', '2004', ['Beauséjour—Petitcodiac'], ['Beauséjour'])","('2004', '2019', ['Beauséjour'], ['Current riding'])"
Charlotte (electoral district),"('1867', '1968', ['Charlotte'], ['Carleton—Charlotte'])","('1997', '2000', ['Carleton—Charlotte', 'Fundy—Royal', 'Saint John (electoral district)', 'Fredericton—York—Sunbury'], ['New Brunswick Southwest'])","('2000', '2004', ['New Brunswick Southwest'], ['St. Croix—Belleisle'])","('2004', '2006', ['St. Croix—Belleisle'], ['New Brunswick Southwest'])","('2006', '2019', ['New Brunswick Southwest'], ['Current riding'])"
Fredericton (electoral district),None found
Fundy—Royal,"('1917', '1968', ['Royal'], ['Fundy—Royal'])","('1968', '2004', ['Fundy—Royal'], ['Fundy Royal'])","('2004', '2019', ['Fundy Royal'], ['Current riding'])"
Madawaska—Restigouche,"('1997', '2019', ['Madawaska—Victoria', 'Restigouche—Chaleur'], ['Current riding'])"
Miramichi (electoral district),"('1867', '1957', ['Northumberland'], ['Northumberland—Miramichi'])","('1957', '1988', ['Northumberland—Miramichi'], ['Miramichi'])","('1988', '2015', ['Miramichi'], ['Miramichi—Grand Lake', 'Acadie—Bathurst', 'Madawaska—Restigouche'])"
Moncton (electoral district),"('1968', '1997', ['Westmorland (electoral district)'], ['Moncton—Riverview—Dieppe'])","('1997', '2019', ['Moncton—Riverview—Dieppe'], ['Current riding'])"
Saint John (electoral district),None found
Tobique—Mactaquac,None found
Abitibi—Baie-James—Nunavik,"('1968', '2000', ['Chapleau (electoral district)', 'Villeneuve (electoral district)', 'Saguenay (electoral district)'], ['Abitibi—Baie-James—Nunavik'])","('2000', '2004', ['Abitibi—Baie-James—Nunavik'], ['Nunavik—Eeyou'])","('2004', '2006', ['Nunavik—Eeyou'], ['Abitibi—Baie-James—Nunavik—Eeyou'])","('2006', '2019', ['Abitibi—Baie-James—Nunavik—Eeyou'], ['Current riding'])"
Ahuntsic (electoral district),"('1968', '1979', ['Saint-Denis (electoral district)', 'Dollard (electoral district)', 'Laval (electoral district)'], ['Saint-Michel (electoral district)', 'Laval Centre', 'Saint-Denis (electoral district)'])","('1988', '2015', ['Saint-Michel—Ahuntsic', 'Laval Centre', 'Saint-Denis (electoral district)'], ['Ahuntsic-Cartierville (electoral district)', 'Bourassa (electoral district)', 'Saint-Léonard—Saint-Michel'])"
Anjou—Rivière-des-Prairies,"('1988', '2004', ['Gamelin (electoral district)', 'Montreal—Mercier', 'Saint-Léonard—Anjou'], ['Honoré-Mercier'])","('2004', '2019', ['Honoré-Mercier'], ['Current riding'])"
Argenteuil—Papineau—Mirabel,"('1867', '1949', ['Argenteuil'], ['Argenteuil—Deux-Montagnes'])","('1949', '1968', ['Argenteuil—Deux-Montagnes'], ['Argenteuil'])","('1968', '1972', ['Argenteuil'], ['Argenteuil—Deux-Montagnes'])","('1972', '1979', ['Argenteuil—Deux-Montagnes'], ['Argenteuil'])","('1979', '1984', ['Argenteuil'], ['Argenteuil—Papineau'])","('1984', '1997', ['Argenteuil—Papineau'], ['Argenteuil—Papineau—Mirabel'])","('1997', '2004', ['Argenteuil—Papineau—Mirabel'], ['Argenteuil—Mirabel'])","('2004', '2006', ['Argenteuil—Mirabel'], ['Argenteuil—Papineau—Mirabel'])","('2006', '2015', ['Argenteuil—Papineau—Mirabel'], ['Argenteuil—La Petite-Nation', 'Mirabel (electoral district)'])"
Beauce (electoral district),None found
Beauharnois—Salaberry,"('1953', '1968', ['Beauharnois (electoral district)'], ['Beauharnois'])","('1968', '1972', ['Beauharnois'], ['Beauharnois—Salaberry'])","('1972', '2015', ['Beauharnois—Salaberry'], ['Salaberry—Suroît', 'Châteauguay—Lacolle'])"
Beauport—Montmorency—Côte-de-Beaupré—Île-d'Orléans,"('1867', '1917', ['Montmorency'], ['Charlevoix—Montmorency', 'Quebec County (electoral district)'])","('1968', '1984', ['Charlevoix (electoral district)', 'Québec—Montmorency'], ['Montmorency—Orléans'])","('1984', '1993', ['Montmorency—Orléans'], ['Beauport—Montmorency—Orléans'])","('1993', '2000', ['Beauport—Montmorency—Orléans'], [""Beauport—Montmorency—Côte-de-Beaupré—Île-d'Orléans""])","('2000', '2004', [""Beauport—Montmorency—Côte-de-Beaupré—Île-d'Orléans""], ['Beauport (electoral district)', 'Charlevoix—Montmorency'])"
Bellechasse—Etchemins—Montmagny—L'Islet,"('1997', '2004', ['Bellechasse (electoral district)'], ['Lévis—Bellechasse', 'Rivière-du-Loup—Montmagny'])"
Berthier—Montcalm,"('1988', '2004', ['Berthier—Maskinongé—Lanaudière'], ['Berthier—Maskinongé', 'Laurentides—Labelle', 'Montcalm (electoral district)', 'Rivière-du-Nord (electoral district)'])"
Bonaventure—Gaspé—Îles-de-la-Madeleine—Pabok,"('1997', '2004', ['Bonaventure—Îles-de-la-Madeleine', 'Gaspé (electoral district)'], ['Gaspésie—Îles-de-la-Madeleine'])"
Bourassa (electoral district),"('1968', '1972', ['Mercier (electoral district)', 'Laval (electoral district)'], ['Montreal—Bourassa'])","('1972', '1979', ['Montreal—Bourassa'], ['Bourassa'])","('1979', '2019', ['Bourassa'], ['Current riding'])"
Brome—Missisquoi,"('1925', '1968', ['Brome (electoral district)', 'Iberville (electoral district)', 'Missisquoi (electoral district)', 'Saint-Jean (electoral district)'], ['Missisquoi'])","('1968', '1972', ['Missisquoi'], ['Brome—Missisquoi'])","('1972', '1979', ['Brome—Missisquoi'], ['Missisquoi'])","('1979', '1984', ['Missisquoi'], ['Brome—Missisquoi'])","('1984', '2019', ['Brome—Missisquoi'], ['Current riding'])"
Brossard—La Prairie,"('1997', '2015', ['La Prairie (electoral district)'], ['La Prairie (electoral district)', 'Brossard—Saint-Lambert'])"
Chambly (electoral district),"('1867', '1896', ['Chambly'], ['Chambly—Verchères'])","('1896', '1935', ['Chambly—Verchères'], ['Chambly—Rouville', 'Richelieu—Verchères'])","('1968', '2004', ['Chambly—Rouville', 'Châteauguay—Huntingdon—Laprairie', 'Richelieu—Verchères'], ['Chambly—Borduas'])","('2004', '2015', ['Chambly—Borduas'], ['Beloeil—Chambly', 'Montarville (electoral district)', 'Pierre-Boucher—Les Patriotes—Verchères'])"
Champlain (electoral district),"('1867', '2004', ['Champlain'], ['Saint-Maurice—Champlain', 'Trois-Rivières (electoral district)'])"
Charlesbourg—Jacques-Cartier,"('1979', '2000', ['Portneuf (electoral district)', 'Montmorency (electoral district)'], ['Charlesbourg—Jacques-Cartier'])","('2000', '2004', ['Charlesbourg—Jacques-Cartier'], ['Charlesbourg'])","('2004', '2006', ['Charlesbourg'], ['Charlesbourg—Haute-Saint-Charles'])","('2006', '2019', ['Charlesbourg—Haute-Saint-Charles'], ['Current riding'])"
Charlevoix (electoral district),"('1867', '1917', ['Charlevoix'], ['Charlevoix—Montmorency'])","('1949', '2004', ['Charlevoix—Saguenay'], ['Charlevoix—Montmorency', 'Manicouagan (electoral district)'])"
Châteauguay (electoral district),"('1867', '1917', ['Châteauguay'], ['Châteauguay—Huntingdon'])","('1979', '2004', ['Laprairie (electoral district)', 'Beauharnois—Salaberry'], ['Beauharnois—Salaberry', 'Saint-Jean (electoral district)', 'Châteauguay—Saint-Constant'])"
Chicoutimi—Le Fjord,"('1925', '2000', ['Chicoutimi—Saguenay'], ['Chicoutimi—Le Fjord'])","('2000', '2019', ['Chicoutimi—Le Fjord'], ['Current riding'])"
Compton—Stanstead,"('1997', '2019', ['Mégantic—Compton—Stanstead', 'Richmond—Wolfe'], ['Current riding'])"
Drummond (electoral district),"('1968', '2019', ['Drummond—Arthabaska', 'Nicolet—Yamaska', 'Richmond—Wolfe'], ['Current riding'])"
Frontenac—Mégantic,"('1997', '2004', ['Frontenac (Quebec electoral district)', 'Mégantic—Compton—Stanstead'], ['Beauce (electoral district)', 'Compton—Stanstead', ""Mégantic—L'Érable""])"
Gatineau (electoral district),"('1945', '1988', ['Hull (electoral district)', 'Wright (electoral district)'], ['Gatineau—La Lièvre'])","('1997', '2019', ['Gatineau—La Lièvre'], ['Current riding'])"
Hochelaga—Maisonneuve,"('1979', '2004', ['Hochelaga (electoral district)', 'Lafontaine (electoral district)', 'Maisonneuve—Rosemont'], ['Hochelaga (electoral district)', 'Honoré-Mercier (electoral district)', ""La Pointe-de-l'Île (electoral district)""])"
Hull—Aylmer,"('1917', '1984', ['Labelle (electoral district)', 'Wright (electoral district)'], ['Hull—Aylmer'])","('1984', '2019', ['Hull—Aylmer'], ['Current riding'])"
Joliette (electoral district),"('1867', '1935', ['Joliette'], [""Joliette—L'Assomption—Montcalm""])","('1968', '2019', ['Berthier—Maskinongé—delanaudière', ""Joliette—L'Assomption—Montcalm"", 'Terrebonne—Blainville'], ['Current riding'])"
Jonquière (electoral district),"('1979', '2004', ['Lapointe (electoral district)', 'Montmorency (electoral district)'], ['Chicoutimi—Le Fjord', 'Jonquière—Alma'])","('2015', '2019', ['Jonquière—Alma', 'Chicoutimi—Le Fjord', 'Roberval—Lac-Saint-Jean'], ['Current riding'])"
Kamouraska—Rivière-du-Loup—Temiscouata—Les Basques,"('1997', '2004', ['Kamouraska—Rivière-du-Loup'], ['Rivière-du-Loup—Montmagny', 'Rimouski—Témiscouata'])"
Lac-Saint-Louis (electoral district),"('1997', '2019', ['Lachine—Lac-Saint-Louis', 'Vaudreuil (electoral district)'], ['Current riding'])"
Lac-Saint-Jean—Saguenay,"('1925', '1935', ['Chicoutimi—Saguenay'], [<i>Riding renamed</i>])","('1935', '1949', [<i>Riding renamed</i>], [<i>Riding renamed</i>])","('1949', '2000', [<i>Riding renamed</i>], ['Lac-Saint-Jean—Saguenay'])","('2000', '2004', ['Lac-Saint-Jean—Saguenay'], ['Chicoutimi—Le Fjord', 'Jonquière—Alma', 'Roberval—Lac-Saint-Jean'])","('2015', '2019', ['Roberval—Lac-Saint-Jean', 'Jonquière—Alma'], ['Current riding'])"
LaSalle—Émard,"('1988', '2015', ['Lasalle (electoral district)', 'Saint-Henri—Westmount', 'Verdun—Saint-Paul'], ['LaSalle—Émard—Verdun', 'Dorval—Lachine—LaSalle'])"
Laurentides (electoral district),"('1988', '2004', ['Labelle (electoral district)'], ['Laurentides—Labelle', 'Rivière-du-Nord (electoral district)'])"
Laurier—Sainte-Marie,"('1988', '2004', ['Laurier (electoral district)', 'Montreal—Sainte-Marie', 'Saint-Jacques (electoral district)'], ['Laurier'])","('2004', '2006', ['Laurier'], ['Laurier—Sainte-Marie'])","('2006', '2019', ['Laurier—Sainte-Marie'], ['Current riding'])"
Laval Centre,"('1979', '1993', ['Laval (electoral district)', 'Ahuntsic (electoral district)', 'Dollard (electoral district)', 'Duvernay (electoral district)'], ['Laval Centre'])","('1993', '2004', ['Laval Centre'], ['Laval (electoral district)', 'Marc-Aurèle-Fortin (electoral district)'])"
Laval East,"('1968', '1993', ['Laval (electoral district)'], ['Laval East'])","('1993', '2004', ['Laval East'], ['Alfred-Pellan'])","('2004', '2019', ['Alfred-Pellan'], ['Current riding'])"
Laval West,"('1979', '1993', ['Laval (electoral district)'], ['Laval West'])","('1993', '2004', ['Laval West'], ['Laval (electoral district)', 'Laval—Les Îles'])"
Lévis-et-Chutes-de-la-Chaudière,"('1867', '2000', ['Lévis'], ['Lévis-et-Chutes-de-la-Chaudière'])","('2000', '2004', ['Lévis-et-Chutes-de-la-Chaudière'], ['Lévis—Bellechasse', 'Lotbinière—Chutes-de-la-Chaudière'])"
Longueuil (electoral district),"('1953', '2004', ['Chambly—Rouville', 'Châteauguay—Huntingdon—Laprairie'], ['Longueuil—Pierre-Boucher'])","('2004', '2015', ['Longueuil—Pierre-Boucher'], ['Longueuil—Saint-Hubert'])","('2015', '2019', ['Longueuil—Saint-Hubert'], ['Current riding'])"
Lotbinière—L'Érable,"('1867', '2000', ['Lotbinière'], [""Lotbinière—L'Érable""])","('2000', '2004', [""Lotbinière—L'Érable""], ['Lotbinière—Chutes-de-la-Chaudière', ""Mégantic—L'Érable"", 'Richelieu (electoral district)', 'Richmond—Arthabaska'])"
Louis-Hébert (electoral district),"('1968', '2019', ['Quebec East', 'Quebec South', 'Quebec West', 'Québec—Montmorency'], ['Current riding'])"
Manicouagan (electoral district),"('1968', '2019', ['Charlevoix (electoral district)', 'Saguenay (electoral district)'], ['Current riding'])"
Matapédia—Matane,"('1935', '1968', ['Matane (electoral district)'], ['Matane (electoral district)', 'Rimouski (electoral district)'])","('1979', '2004', ['Matane (electoral district)', 'Rimouski (electoral district)'], ['Haute-Gaspésie—La Mitis—Matane—Matapédia'])","('2004', '2015', ['Haute-Gaspésie—La Mitis—Matane—Matapédia'], ['Avignon—La Mitis—Matane—Matapédia', 'Gaspésie—Les Îles-de-la-Madeleine'])"
Mercier (electoral district),"('1935', '1984', ['Laval—Two Mountains', 'Maisonneuve (electoral district)'], ['Montreal—Mercier'])","('1984', '1988', ['Montreal—Mercier'], ['Mercier'])","('1988', '2004', ['Mercier'], [""La Pointe-de-l'Île"", 'Honoré-Mercier (electoral district)'])"
Mount Royal (electoral district),"('1925', '2019', ['Jacques Cartier (electoral district)', 'Westmount—St. Henri'], ['Current riding'])"
Notre-Dame-de-Grâce—Lachine,"('1997', '2015', ['Lachine—Lac-Saint-Louis', 'Notre-Dame-de-Grâce (electoral district)'], ['Dorval—Lachine—LaSalle', 'Notre-Dame-de-Grâce—Westmount'])"
Outremont (electoral district),"('1935', '1949', ['Laurier—Outremont', 'Mount Royal (electoral district)', 'Saint-Denis (electoral district)'], ['Outremont—Saint-Jean'])","('1949', '1968', ['Outremont—Saint-Jean'], ['Outremont'])","('1968', '2019', ['Outremont'], ['Current riding'])"
Papineau—Saint-Denis,"('1949', '1988', ['Hochelaga (electoral district)', 'Mercier (electoral district)', 'St. James (electoral district)', 'Saint-Denis (electoral district)'], ['Papineau—Saint-Michel'])","('1988', '1997', ['Papineau—Saint-Michel'], ['Papineau—Saint-Denis'])","('1997', '2004', ['Papineau—Saint-Denis'], ['Papineau'])","('2004', '2019', ['Papineau'], ['Current riding'])"
Pierrefonds—Dollard,"('1988', '2019', ['Dollard (electoral district)', 'Vaudreuil (electoral district)'], ['Current riding'])"
Pontiac—Gatineau—Labelle,"('1867', '1949', ['Pontiac'], ['Pontiac—Témiscamingue', 'Villeneuve (electoral district)'])","('1968', '1979', ['Pontiac—Témiscamingue', 'Gatineau (electoral district)', 'Labelle (electoral district)'], ['Pontiac—Gatineau—Labelle'])","('1979', '2004', ['Pontiac—Gatineau—Labelle'], ['Pontiac'])","('2004', '2019', ['Pontiac'], ['Current riding'])"
Portneuf (electoral district),"('1867', '2006', ['Portneuf'], ['Portneuf—Jacques-Cartier'])","('2006', '2019', ['Portneuf—Jacques-Cartier'], ['Current riding'])"
Québec (electoral district),"('1968', '1993', ['Quebec East', 'Quebec South', 'Quebec West'], ['Québec'])","('1993', '2019', ['Québec'], ['Current riding'])"
Quebec East,"('1867', '1968', ['Quebec East'], ['Québec-Est'])","('1968', '1997', ['Québec-Est'], ['Québec East'])","('1997', '2004', ['Québec East'], ['Québec (electoral district)', 'Louis-Saint-Laurent (electoral district)', 'Beauport (electoral district)'])"
Repentigny (electoral district),"('1997', '2018', ['Joliette (electoral district)', 'Terrebonne (electoral district)'], ['None found'])"
Bas-Richelieu—Nicolet—Bécancour,"('1968', '2000', ['Nicolet—Yamaska', 'Richelieu—Verchères'], ['Bas-Richelieu—Nicolet—Bécancour'])","('2000', '2004', ['Bas-Richelieu—Nicolet—Bécancour'], ['Richelieu'])","('2004', '2006', ['Richelieu'], ['Bas-Richelieu—Nicolet—Bécancour'])","('2006', '2015', ['Bas-Richelieu—Nicolet—Bécancour'], ['Bécancour—Nicolet—Saurel'])","('2015', '2019', ['Bécancour—Nicolet—Saurel'], ['Current riding'])"
Richmond—Arthabaska,"('1997', '2019', ['Drummond (electoral district)', 'Richmond—Wolfe', 'Compton—Stanstead', ""Lotbinière—L'Érable""], ['Current riding'])"
Rimouski—Neigette-et-La-Mitis,"('1867', '1984', ['Rimouski'], ['Rimouski—Témiscouata'])","('1984', '1997', ['Rimouski—Témiscouata'], ['Rimouski—Mitis'])","('1997', '2000', ['Rimouski—Mitis'], ['Rimouski—Neigette-et-la Mitis'])","('2000', '2004', ['Rimouski—Neigette-et-la Mitis'], ['Haute-Gaspésie—La Mitis—Matane—Matapédia', 'Rimouski-Neigette—Témiscouata—Les Basques'])"
Roberval (electoral district),"('1949', '2006', ['Lake St-John—Roberval'], ['Roberval—Lac-Saint-Jean'])","('2006', '2015', ['Roberval—Lac-Saint-Jean'], ['Lac-Saint-Jean', 'Jonquière (electoral district)'])"
Rosemont—La Petite-Patrie (electoral district),"('1979', '2000', ['Lafontaine (electoral district)', 'Maisonneuve—Rosemont', 'Papineau (electoral district)', 'Saint-Michel (electoral district)'], ['Rosemont—Petite-Patrie'])","('2000', '2004', ['Rosemont—Petite-Patrie'], ['Rosemont—La Petite-Patrie'])","('2004', '2019', ['Rosemont—La Petite-Patrie'], ['Current riding'])"
Saint-Bruno—Saint-Hubert,"('1988', '1997', ['Chambly (electoral district)', 'La Prairie (electoral district)'], ['Saint-Bruno—Saint-Hubert'])","('1997', '2015', ['Saint-Bruno—Saint-Hubert'], ['Montarville (electoral district)', 'Longueuil—Charles-LeMoyne', 'Longueuil—Saint-Hubert'])"
Saint-Eustache—Sainte-Thérèse,"('1997', '2000', ['Blainville—Deux-Montagnes'], ['Rivière-des-Mille-Îles'])","('2000', '2019', ['Rivière-des-Mille-Îles'], ['Current riding'])"
Saint-Hyacinthe—Bagot,"('1935', '1949', ['St. Hyacinthe—Bagot'], ['Saint-Hyacinthe—Bagot'])","('1949', '1968', ['Saint-Hyacinthe—Bagot'], ['Saint-Hyacinthe'])","('1968', '1980', ['Saint-Hyacinthe'], ['Saint-Hyacinthe—Bagot'])","('1980', '2019', ['Saint-Hyacinthe—Bagot'], ['Current riding'])"
Saint-Jean (electoral district),"('1968', '2019', ['Beauharnois—Salaberry', 'Châteauguay—Huntingdon—Laprairie', 'Saint-Jean—Iberville—Napierville'], ['Current riding'])"
Saint-Lambert (electoral district),"('1997', '2015', ['La Prairie (electoral district)', 'Longueuil (electoral district)', 'Saint-Hubert (electoral district)'], ['Longueuil—Charles-LeMoyne', 'Brossard—Saint-Lambert'])"
Saint-Laurent—Cartierville,"('1988', '1993', ['Dollard (electoral district)', 'Laval-des-Rapides', 'Saint-Denis (electoral district)'], ['Saint-Laurent—Cartierville'])","('1993', '2015', ['Saint-Laurent—Cartierville'], ['Saint-Laurent'])","('2015', '2019', ['Saint-Laurent'], ['Current riding'])"
Saint-Léonard—Saint-Michel,"('1988', '1997', ['Gamelin (electoral district)', 'Saint-Léonard—Anjou'], ['Saint-Léonard—Saint-Michel'])","('1997', '2019', ['Saint-Léonard—Saint-Michel'], ['Current riding'])"
Saint-Maurice (electoral district),"('1867', '1896', ['Saint Maurice'], ['Three Rivers and St. Maurice'])","('1968', '2004', ['Champlain (electoral district)', 'Saint-Maurice—Laflèche'], ['Berthier—Maskinongé', 'Saint-Maurice—Champlain'])"
Shefford (electoral district),"('1867', '2019', ['Shefford'], ['Current riding'])"
Sherbrooke (electoral district),"('1925', '2019', ['Sherbrooke (Town of)', 'Richmond—Arthabaska'], ['Current riding'])"
Témiscamingue (electoral district),"('1968', '2004', ['Pontiac—Témiscamingue', 'Villeneuve (electoral district)'], ['Abitibi—Témiscamingue'])","('2004', '2019', ['Abitibi—Témiscamingue'], ['Current riding'])"
Terrebonne—Blainville,"('1997', '2015', ['Blainville—Deux-Montagnes', 'Terrebonne (electoral district)', 'Joliette (electoral district)'], ['Terrebonne (electoral district)', 'Thérèse-De Blainville', 'Mirabel (electoral district)'])"
Trois-Rivières (electoral district),"('1867', '1896', ['Three Rivers'], ['Three Rivers and St. Maurice'])","('1935', '1949', ['Three Rivers—St. Maurice'], ['Trois-Rivières'])","('1949', '1972', ['Trois-Rivières'], ['Trois-Rivières Métropolitain'])","('1972', '1979', ['Trois-Rivières Métropolitain'], ['Trois-Rivières'])","('1979', '2019', ['Trois-Rivières'], ['Current riding'])"
Vaudreuil—Soulanges,"('1917', '1968', ['Vaudreuil (electoral district)', 'Soulanges (electoral district)'], ['Vaudreuil (electoral district)'])","('1997', '2015', ['Vaudreuil (electoral district)'], ['Vaudreuil—Soulanges'])","('2015', '2019', ['Vaudreuil—Soulanges'], ['Current riding'])"
Verchères—Les Patriotes,"('1979', '2000', ['Chambly (electoral district)', 'St. Hyacinthe (electoral district)'], ['Verchères—Les Patriotes'])","('2000', '2015', ['Verchères—Les Patriotes'], ['Pierre-Boucher—Les Patriotes—Verchères', 'Montarville'])"
Verdun—Saint-Henri,"('1935', '1949', ['Jacques Cartier (electoral district)', 'St. Anne (electoral district)'], ['Verdun—La Salle'])","('1949', '1953', ['Verdun—La Salle'], ['Verdun'])","('1953', '1980', ['Verdun'], ['Verdun—Saint-Paul'])","('1980', '1997', ['Verdun—Saint-Paul'], ['Verdun—Saint-Henri'])","('1997', '2000', ['Verdun—Saint-Henri'], ['Verdun—Saint-Henri—Saint-Paul—Pointe Saint-Charles'])","('2000', '2004', ['Verdun—Saint-Henri—Saint-Paul—Pointe Saint-Charles'], ['Jeanne-Le Ber'])"
Westmount—Ville-Marie,"('1997', '2015', ['Notre-Dame-de-Grâce (electoral district)', 'Saint-Henri—Westmount'], ['Notre-Dame-de-Grâce—Westmount', 'Ville-Marie—Le Sud-Ouest—Île-des-Sœurs', 'Laurier—Sainte-Marie', 'LaSalle—Émard—Verdun', 'Outremont (electoral district)'])"
Algoma—Manitoulin,"('1867', '1904', ['Algoma'], ['Algoma East', 'Algoma West'])","('1968', '1997', ['Algoma East', 'Algoma West'], ['Algoma—Manitoulin'])","('1997', '2004', ['Algoma—Manitoulin'], ['Algoma—Manitoulin—Kapuskasing'])","('2004', '2019', ['Algoma—Manitoulin—Kapuskasing'], ['Current riding'])"
Ancaster—Dundas—Flamborough—Aldershot,None found
Barrie—Simcoe—Bradford,"('1997', '2004', ['York—Simcoe', 'Simcoe Centre'], ['Barrie'])","('2004', '2015', ['Barrie'], ['Barrie—Innisfil', 'Barrie—Springwater—Oro-Medonte'])"
Beaches—East York,"('1988', '1997', ['Beaches (electoral district)'], ['Beaches—East York'])","('1997', '2019', ['Beaches—East York'], ['Current riding'])"
Bramalea—Gore—Malton—Springdale,None found
Brampton Centre,"('1997', '2004', ['Brampton (electoral district)'], ['Brampton—Springdale', 'Brampton West'])","('2015', '2019', ['Bramalea—Gore—Malton', 'Brampton—Springdale', 'Mississauga—Brampton South'], ['Current riding'])"
Brampton West—Mississauga,"('1997', '2004', ['Brampton (electoral district)'], ['Brampton West', 'Mississauga—Brampton South', 'Mississauga—Streetsville'])"
Brant (electoral district),"('1904', '1949', ['Brant South'], ['Brant—Wentworth', 'Brantford (electoral district)'])","('1968', '2015', ['Brant—Haldimand', 'Brantford (electoral district)'], ['Brantford—Brant'])","('2015', '2019', ['Brantford—Brant'], ['Current riding'])"
Bruce—Grey—Owen Sound,"('1935', '1979', ['Bruce North', 'Bruce South'], ['Bruce—Grey'])","('1979', '2004', ['Bruce—Grey'], ['Grey—Bruce—Owen Sound'])","('2004', '2006', ['Grey—Bruce—Owen Sound'], ['Bruce—Grey—Owen Sound'])","('2006', '2019', ['Bruce—Grey—Owen Sound'], ['Current riding'])"
Burlington (electoral district),"('1979', '2019', ['Halton—Wentworth'], ['Current riding'])"
Cambridge (electoral district),"('1979', '2019', ['Waterloo—Cambridge', 'Wellington (electoral district)'], ['Current riding'])"
Chatham-Kent—Essex,None found
Davenport (electoral district),"('1935', '2019', ['Parkdale (electoral district)', 'Toronto Northwest'], ['Current riding'])"
Essex (electoral district),"('1867', '1882', ['Essex'], ['Essex North (electoral district)', 'Essex South (electoral district)'])","('1968', '1972', ['Essex East (electoral district)', 'Essex South', 'Essex West (electoral district)'], ['Essex—Windsor'])","('1972', '1997', ['Essex—Windsor'], ['Essex'])","('1997', '2019', ['Essex'], ['Current riding'])"
Don Valley East,"('1979', '2019', ['Willowdale (electoral district)', 'York East', 'York North', 'York—Scarborough'], ['Current riding'])"
Don Valley West,"('1979', '2019', ['Don Valley (electoral district)'], ['Current riding'])"
Dufferin—Peel—Wellington—Grey,"('1997', '2004', ['Wellington—Grey—Dufferin—Simcoe', 'Halton—Peel', 'Guelph—Wellington'], ['Dufferin—Caledon', 'Wellington—Halton Hills', 'Perth—Wellington', 'Grey—Bruce—Owen Sound'])"
Durham (electoral district),"('1904', '1968', ['Durham East', 'Durham West'], ['Northumberland—Durham', 'Ontario (electoral district)'])","('1988', '2004', ['Durham—Northumberland', 'Oshawa (electoral district)', 'Ontario (electoral district)'], ['Clarington—Scugog—Uxbridge'])","('2004', '2006', ['Clarington—Scugog—Uxbridge'], ['Durham'])","('2006', '2019', ['Durham'], ['Current riding'])"
Eglinton—Lawrence,"('1979', '2019', ['Eglinton (electoral district)', 'York Centre', 'York South', 'York West'], ['Current riding'])"
Elgin—Middlesex—London,"('1997', '2019', ['Elgin—Norfolk', 'Lambton—Middlesex', 'London—Middlesex'], ['Current riding'])"
Erie—Lincoln,"('1997', '2004', ['Erie (electoral district)', 'Lincoln (electoral district)', 'Haldimand—Norfolk'], ['Niagara West—Glanbrook', 'Niagara Falls (electoral district)', 'Welland (electoral district)', 'Haldimand—Norfolk'])"
Etobicoke Centre (electoral district),"('1979', '2019', ['Etobicoke (electoral district)', 'High Park—Humber Valley'], ['Current riding'])"
Etobicoke North,"('1979', '2019', ['Etobicoke (electoral district)', 'York West'], ['Current riding'])"
Etobicoke—Lakeshore,"('1968', '1972', ['York—Humber'], ['Toronto—Lakeshore'])","('1972', '1979', ['Toronto—Lakeshore'], ['Etobicoke—Lakeshore'])","('1979', '2019', ['Etobicoke—Lakeshore'], ['Current riding'])"
Glengarry—Prescott—Russell,"('1953', '1972', ['Glengarry (electoral district)', 'Prescott (electoral district)'], ['Glengarry—Prescott—Russell'])","('1972', '2019', ['Glengarry—Prescott—Russell'], ['Current riding'])"
Guelph—Wellington,"('1979', '1988', ['Halton—Wentworth', 'Wellington (electoral district)', 'Wellington—Grey'], ['Guelph—Wellington'])","('1988', '2004', ['Guelph—Wellington'], ['Guelph'])","('2004', '2019', ['Guelph'], ['Current riding'])"
Haldimand—Norfolk—Brant,"('1997', '2004', ['Haldimand—Norfolk', 'Elgin—Norfolk'], ['Haldimand—Norfolk', 'Brant (electoral district)', 'Oxford (electoral district)'])"
Haliburton—Victoria—Brock,"('1968', '2000', ['Hastings—Frontenac', 'Peterborough (electoral district)', 'Victoria (Ontario electoral district)'], ['Haliburton—Victoria—Brock'])","('2000', '2004', ['Haliburton—Victoria—Brock'], ['Haliburton—Kawartha Lakes—Brock'])","('2004', '2019', ['Haliburton—Kawartha Lakes—Brock'], ['Current riding'])"
Halton (electoral district),"('1867', '1988', ['Halton'], ['Halton—Peel', 'Oakville—Milton'])","('1997', '2015', ['Halton—Peel', 'Oakville—Milton', 'Oakville (electoral district)', 'Burlington (electoral district)'], ['Milton (electoral district)', 'Oakville North—Burlington', 'Burlington (electoral district)', 'Mississauga—Streetsville', 'Mississauga—Erin Mills'])"
Hamilton East (electoral district),"('1904', '2004', ['Hamilton (electoral district)'], ['Hamilton East—Stoney Creek', 'Hamilton Centre'])"
Hamilton—Mountain,"('1968', '2019', ['Hamilton South (electoral district)', 'Hamilton West (electoral district)'], ['Current riding'])"
Hamilton West (electoral district),"('1904', '2004', ['Hamilton (electoral district)'], ['Hamilton Centre', 'Ancaster—Dundas—Flamborough—Westdale', 'Hamilton Mountain'])"
Hastings—Frontenac—Lennox and Addington,"('1984', '2004', ['Hastings—Frontenac'], ['Lanark—Frontenac—Lennox and Addington', 'Prince Edward—Hastings', 'Kingston and the Islands'])"
Huron—Bruce,"('1953', '1974', ['Huron North', 'Huron—Perth'], ['Huron—Middlesex'])","('1974', '1979', ['Huron—Middlesex'], ['Huron—Bruce'])","('1979', '2019', ['Huron—Bruce'], ['Current riding'])"
Kenora—Rainy River,"('1925', '2004', ['Fort William and Rainy River', 'Port Arthur and Kenora'], ['Kenora (electoral district)', 'Thunder Bay—Rainy River'])"
Kingston and the Islands,"('1968', '2019', ['Kingston (electoral district)', 'Prince Edward—Lennox'], ['Current riding'])"
Kitchener Centre,"('1997', '2019', ['Kitchener (electoral district)', 'Kitchener—Waterloo (electoral district)'], ['Current riding'])"
Kitchener—Waterloo (electoral district),"('1968', '1974', ['Waterloo North', 'Waterloo South'], ['Waterloo—Cambridge'])","('1974', '1979', ['Waterloo—Cambridge'], ['Waterloo'])","('1979', '1997', ['Waterloo'], ['Kitchener—Waterloo'])","('1997', '2015', ['Kitchener—Waterloo'], ['Waterloo'])","('2015', '2019', ['Waterloo'], ['Current riding'])"
Lambton—Kent—Middlesex,"('1997', '2004', ['Kent (Ontario electoral district)', 'Lambton—Middlesex'], ['Middlesex—Kent—Lambton'])","('2004', '2006', ['Middlesex—Kent—Lambton'], ['Lambton—Kent—Middlesex'])","('2006', '2019', ['Lambton—Kent—Middlesex'], ['Current riding'])"
Lanark—Carleton,"('1988', '2004', ['Lanark—Renfrew—Carleton', 'Nepean—Carleton'], [<i>Riding renamed</i>])","('2004', '2015', [<i>Riding renamed</i>], ['Kanata—Carleton', 'Carleton (Ontario electoral district)', 'Lanark—Frontenac—Kingston'])"
Leeds—Grenville,"('1979', '2015', ['Grenville—Carleton', 'Leeds (electoral district)'], ['Leeds—Grenville—Thousand Islands and Rideau Lakes'])","('2015', '2019', ['Leeds—Grenville—Thousand Islands and Rideau Lakes'], ['Current riding'])"
London—Fanshawe,"('1997', '2019', ['London East', 'London—Middlesex'], ['Current riding'])"
London North-Centre,"('1997', '2000', ['London East', 'London West', 'London—Middlesex'], ['London North Centre'])","('2000', '2019', ['London North Centre'], ['Current riding'])"
London West,"('1968', '2019', ['London (electoral district)', 'Middlesex East', 'Middlesex West'], ['Current riding'])"
Markham (electoral district),"('1988', '1993', ['York North', 'York—Peel'], ['Markham—Whitchurch-Stouffville'])","('1993', '1997', ['Markham—Whitchurch-Stouffville'], ['Markham'])","('1997', '2004', ['Markham'], ['Markham—Unionville', 'Oak Ridges—Markham'])"
Mississauga Centre,"('1997', '2004', ['Mississauga East', 'Mississauga West'], ['Mississauga East—Cooksville', 'Mississauga South', 'Mississauga—Brampton South', 'Mississauga—Erindale'])","('2015', '2019', ['Mississauga East—Cooksville', 'Mississauga—Erindale', 'Mississauga—Brampton South', 'Mississauga—Streetsville'], ['Current riding'])"
Mississauga East,"('1988', '2004', ['Mississauga North'], ['Mississauga East—Cooksville', 'Mississauga—Lakeshore', 'Mississauga—Brampton South'])"
Mississauga South,"('1979', '2015', ['Mississauga South'], ['Mississauga—Lakeshore'])","('2015', '2019', ['Mississauga—Lakeshore'], ['Current riding'])"
Mississauga West,"('1988', '2004', ['Mississauga North'], ['Mississauga South', 'Mississauga—Erindale', 'Mississauga—Streetsville'])"
Nepean—Carleton,"('1979', '1988', ['Grenville—Carleton', 'Ottawa—Carleton'], ['Nepean (electoral district)', 'Carleton—Gloucester', 'Lanark—Carleton'])","('1997', '2015', ['Nepean (electoral district)', 'Carleton—Gloucester', 'Lanark—Carleton', 'Ottawa South'], ['Nepean (electoral district)', 'Carleton (Ontario electoral district)', 'Orléans (electoral district)', 'Kanata—Carleton'])"
Niagara Centre,"('1867', '1988', ['Welland'], ['Welland—St. Catharines—Thorold', 'St. Catharines (electoral district)', 'Erie (electoral district)'])","('1997', '2004', ['Erie (electoral district)', 'Welland—St. Catharines—Thorold'], ['Welland'])","('2004', '2015', ['Welland'], ['Niagara Centre'])","('2015', '2019', ['Niagara Centre'], ['Current riding'])"
Niagara Falls (electoral district),"('1953', '2019', ['Erie—Lincoln', 'Welland (electoral district)'], ['Current riding'])"
Nickel Belt (electoral district),"('1953', '2019', ['Algoma East', 'Algoma—Manitoulin', 'Nipissing (electoral district)', 'Parry Sound—Muskoka', 'Sudbury (electoral district)', 'Timiskaming—Cochrane'], ['Current riding'])"
Nipissing (electoral district),"('1896', '2004', ['Renfrew North'], ['Nipissing—Timiskaming'])"
Northumberland (Ontario electoral district),"('1917', '1968', ['Northumberland East', 'Northumberland West'], ['Northumberland—Durham', 'Prince Edward—Hastings'])","('1979', '2004', ['Northumberland—Durham', 'Prince Edward—Hastings'], ['Northumberland—Quinte West'])"
Oak Ridges (electoral district),"('1997', '2004', ['Markham—Whitchurch—Stouffville', 'York North'], ['Oak Ridges—Markham', 'Richmond Hill (electoral district)'])"
Oakville (electoral district),"('1997', '2019', ['Halton (electoral district)', 'Oakville—Milton'], ['Current riding'])"
Oshawa (electoral district),"('1968', '1979', ['Ontario (electoral district)'], ['Oshawa'])","('1979', '2019', ['Oshawa'], ['Current riding'])"
Ottawa Centre,"('1968', '2019', ['Carleton (Ontario electoral district)', 'Ottawa West', 'Ottawa East'], ['Current riding'])"
Ottawa—Orleans,"('1988', '2000', ['Glengarry—Prescott—Russell', 'Nepean—Carleton', 'Ottawa—Carleton'], ['Ottawa—Orléans'])","('2000', '2015', ['Ottawa—Orléans'], ['Orléans'])","('2015', '2019', ['Orléans'], ['Current riding'])"
Ottawa South,"('1988', '2019', ['Ottawa—Carleton', 'Ottawa Centre', 'Ottawa—Vanier'], ['Current riding'])"
Ottawa—Vanier,"('1935', '1974', ['Ottawa (City of)', 'Russell (Ontario electoral district)'], ['Ottawa—Vanier'])","('1974', '2019', ['Ottawa—Vanier'], ['Current riding'])"
Ottawa West—Nepean,"('1997', '2019', ['Ottawa West', 'Nepean (electoral district)', 'Lanark—Carleton'], ['Current riding'])"
Oxford (electoral district),"('1935', '2019', ['Oxford North', 'Oxford South'], ['Current riding'])"
Parkdale—High Park,"('1979', '2019', ['Parkdale (electoral district)', 'High Park—Humber Valley', 'Davenport (electoral district)', 'Spadina (electoral district)'], ['Current riding'])"
Parry Sound—Muskoka,"('1949', '2019', ['Muskoka (electoral district)', 'Nipissing (electoral district)', 'Parry Sound (electoral district)'], ['Current riding'])"
Perth—Middlesex,"('1997', '2004', ['Lambton—Middlesex', 'London—Middlesex', 'Perth—Wellington—Waterloo'], ['Elgin—Middlesex—London', 'Middlesex—Kent—Lambton', 'Perth—Wellington'])"
Peterborough (electoral district),"('1953', '2014', ['Peterborough West', 'Hastings—Peterborough'], ['Peterborough—Kawartha'])","('2015', '2019', ['Peterborough—Kawartha'], ['Current riding'])"
Pickering—Ajax—Uxbridge,"('1997', '2004', ['Durham (electoral district)', 'Ontario (electoral district)'], ['Ajax—Pickering', 'Pickering—Scarborough East', 'Clarington—Scugog—Uxbridge'])"
Prince Edward—Hastings,"('1968', '2015', ['Hastings South', 'Hastings—Frontenac', 'Northumberland (Ontario electoral district)', 'Prince Edward—Lennox'], ['Bay of Quinte (electoral district)', 'Hastings—Lennox and Addington'])"
Renfrew—Nipissing—Pembroke,"('1979', '1988', ['Frontenac—Lennox and Addington', 'Lanark—Renfrew—Carleton', 'Renfrew North—Nipissing East'], ['Renfrew'])","('1988', '1989', ['Renfrew'], ['Renfrew—Nipissing—Pembroke'])","('1989', '2019', ['Renfrew—Nipissing—Pembroke'], ['Current riding'])"
Sarnia—Lambton,"('1968', '1972', ['Lambton West'], ['Sarnia—Lambton'])","('1972', '1979', ['Sarnia—Lambton'], ['Sarnia'])","('1979', '1984', ['Sarnia'], ['Sarnia—Lambton'])","('1984', '2019', ['Sarnia—Lambton'], ['Current riding'])"
Sault Ste. Marie (electoral district),"('1968', '2019', ['Algoma West'], ['Current riding'])"
Scarborough—Agincourt,"('1988', '2019', ['York—Scarborough'], ['Current riding'])"
Scarborough Centre (electoral district),"('1979', '2019', ['Scarborough East', 'Scarborough West', 'York—Scarborough'], ['Current riding'])"
Scarborough East,"('1968', '2004', ['York—Scarborough'], ['Pickering—Scarborough East', 'Scarborough—Guildwood'])"
Scarborough—Rouge River,"('1988', '2015', ['York—Scarborough'], ['Scarborough—Rouge Park', 'Scarborough North (electoral district)'])"
Scarborough Southwest,"('1968', '1997', ['York—Scarborough', 'Danforth (electoral district)'], ['Scarborough Southwest'])","('1997', '2019', ['Scarborough Southwest'], ['Current riding'])"
Simcoe—Grey,"('1997', '2019', ['Barrie—Simcoe—Bradford', 'Bruce—Grey', 'Simcoe Centre', 'Simcoe North', 'Wellington—Grey—Dufferin—Simcoe', 'York—Simcoe'], ['Current riding'])"
Simcoe North,"('1867', '2019', ['Simcoe North'], ['Current riding'])"
St. Catharines (electoral district),"('1968', '2019', ['Lincoln (electoral district)'], ['Current riding'])"
St. Paul's (electoral district),"('1935', '2015', ['Toronto East Centre', 'Toronto Northeast', 'Toronto South', 'Toronto West Centre'], [""Toronto—St. Paul's""])","('2015', '2019', [""Toronto—St. Paul's""], ['Current riding'])"
Stormont—Dundas—Charlottenburgh,"('1968', '2000', ['Grenville—Dundas', 'Stormont (electoral district)'], ['Stormont—Dundas—Charlottenburgh'])","('2000', '2004', ['Stormont—Dundas—Charlottenburgh'], ['Stormont—Dundas—South Glengarry'])","('2004', '2019', ['Stormont—Dundas—South Glengarry'], ['Current riding'])"
Stoney Creek (electoral district),"('1997', '2004', ['Hamilton—Wentworth', 'Lincoln (electoral district)'], ['Hamilton East—Stoney Creek', 'Hamilton Mountain (provincial electoral district)', 'Niagara West—Glanbrook'])"
Sudbury (electoral district),"('1949', '2019', ['Nipissing (electoral district)'], ['Current riding'])"
Thornhill (electoral district),"('1997', '2019', ['Markham—Whitchurch—Stouffville', 'York North'], ['Current riding'])"
Thunder Bay—Atikokan,"('1979', '2004', ['Fort William (electoral district)', 'Thunder Bay (electoral district)'], ['Thunder Bay—Rainy River', 'Thunder Bay—Superior North'])"
Thunder Bay—Superior North,"('1979', '1997', ['Port Arthur (electoral district)', 'Thunder Bay (electoral district)'], ['Thunder Bay—Superior North'])","('1997', '2019', ['Thunder Bay—Superior North'], ['Current riding'])"
Timiskaming—Cochrane,"('1997', '2004', ['Timiskaming—French River', 'Cochrane—Superior', 'Nipissing (electoral district)', 'Timmins—Chapleau'], ['Nipissing—Timiskaming', 'Nickel Belt (electoral district)', 'Timmins—James Bay'])"
Timmins—James Bay,"('1997', '2019', ['Cochrane—Superior', 'Timiskaming—Cochrane'], ['Current riding'])"
Toronto Centre—Rosedale,"('1872', '1904', ['West Toronto', 'East Toronto (electoral district)'], ['Toronto Centre'])","('1904', '1925', ['Toronto Centre'], ['Toronto East Centre', 'Toronto West Centre', 'Toronto South'])","('1935', '1997', ['Toronto East Centre', 'Toronto West Centre', 'Toronto South'], ['Toronto Centre—Rosedale'])","('1997', '2004', ['Toronto Centre—Rosedale'], ['Toronto Centre'])","('2004', '2019', ['Toronto Centre'], ['Current riding'])"
Toronto—Danforth,"('1979', '2000', ['Broadview (electoral district)', 'York East', 'Greenwood (electoral district)'], ['Toronto—Danforth'])","('2000', '2019', ['Toronto—Danforth'], ['Current riding'])"
Trinity—Spadina,"('1988', '2015', ['Trinity (electoral district)', 'Spadina (electoral district)', 'Toronto Centre—Rosedale', 'Parkdale—High Park'], ['Spadina—Fort York', 'University—Rosedale', 'Toronto Centre'])"
Vaughan—King—Aurora,"('1997', '2004', ['Markham (electoral district)', 'Oak Ridges (electoral district)', 'York North'], ['Vaughan (electoral district)', 'Newmarket—Aurora', 'Oak Ridges—Markham'])"
Waterloo—Wellington,"('1997', '2004', ['Perth—Wellington—Waterloo', 'Waterloo (electoral district)', 'Guelph—Wellington', 'Wellington—Grey—Dufferin—Simcoe', 'Kitchener (electoral district)'], ['Cambridge (electoral district)', 'Kitchener—Conestoga', 'Perth—Wellington', 'Wellington—Halton Hills'])"
Whitby—Ajax,"('1997', '2004', ['Durham (electoral district)', 'Ontario (electoral district)'], ['Ajax—Pickering', 'Whitby—Oshawa'])"
Willowdale (electoral district),"('1979', '2019', ['Eglinton (electoral district)', 'York North', 'York Centre'], ['Current riding'])"
Windsor—St. Clair,"('1988', '1993', ['Essex—Windsor', 'Windsor—Walkerville'], ['Windsor—St. Clair'])","('1993', '2004', ['Windsor—St. Clair'], ['Windsor—Tecumseh'])","('2004', '2019', ['Windsor—Tecumseh'], ['Current riding'])"
Windsor West,"('1968', '2019', ['Essex East (electoral district)', 'Essex West (electoral district)'], ['Current riding'])"
York Centre,"('1904', '1917', ['York East', 'York West'], ['York East', 'York South'])","('1953', '2019', ['Eglinton—Lawrence', 'Willowdale (electoral district)', 'York North', 'York West'], ['Current riding'])"
York North,None found
York South—Weston,"('1979', '2019', ['York South', 'York West', 'Davenport (electoral district)', 'High Park—Humber Valley', 'Etobicoke (electoral district)'], ['Current riding'])"
York West,"('1867', '1904', ['York West'], ['York Centre', 'York South'])","('1917', '2015', ['York Centre', 'York South'], ['Humber River—Black Creek'])","('2015', '2019', ['Humber River—Black Creek'], ['Current riding'])"
Brandon—Souris,"('1953', '2019', ['Brandon (electoral district)', 'Souris (electoral district)'], ['Current riding'])"
Charleswood—St. James—Assiniboia,"('1997', '2000', ['Winnipeg—St. James', 'Winnipeg South'], ['Charleswood—St. James—Assiniboia'])","('2000', '2004', ['Charleswood—St. James—Assiniboia'], ['Charleswood—St. James'])","('2004', '2006', ['Charleswood—St. James'], ['Charleswood—St. James—Assiniboia'])","('2006', '2015', ['Charleswood—St. James—Assiniboia'], ['Charleswood—St. James—Assiniboia—Headingley'])","('2015', '2019', ['Charleswood—St. James—Assiniboia—Headingley'], ['Current riding'])"
Churchill (electoral district),"('1935', '2015', ['Churchill'], ['Churchill—Keewatinook Aski'])","('2015', '2019', ['Churchill—Keewatinook Aski'], ['Current riding'])"
Dauphin—Swan River,"('1904', '1984', ['Macdonald (electoral district)', 'Marquette (electoral district)', 'Saskatchewan (Provisional District)'], ['Dauphin—Swan River'])","('1984', '2004', ['Dauphin—Swan River'], ['Dauphin—Swan River—Marquette'])","('2004', '2015', ['Dauphin—Swan River—Marquette'], ['None found'])"
Portage—Lisgar,"('1997', '2019', ['Lisgar—Marquette', 'Portage—Interlake', 'Provencher (electoral district)'], ['Current riding'])"
Provencher (electoral district),"('1871', '2019', ['Provencher'], ['Current riding'])"
Saint Boniface (electoral district),"('1925', '1997', ['Springfield (electoral district)'], ['Saint Boniface'])","('1997', '2015', ['Saint Boniface'], ['Saint Boniface—Saint Vital'])","('2015', '2019', ['Saint Boniface—Saint Vital'], ['Current riding'])"
Selkirk—Interlake,"('1979', '1988', ['Portage (electoral district)', 'Selkirk (electoral district)', 'Winnipeg South Centre'], ['Selkirk (electoral district)', 'Portage—Interlake', 'Provencher', 'Churchill (electoral district)'])","('1997', '2015', ['Selkirk—Red River', 'Portage—Interlake', 'Provencher', 'Churchill (electoral district)'], ['Selkirk—Interlake—Eastman'])","('2015', '2019', ['Selkirk—Interlake—Eastman'], ['Current riding'])"
Winnipeg Centre,"('1917', '1925', ['Winnipeg (electoral district)', 'Selkirk (electoral district)'], ['Winnipeg North Centre', 'Winnipeg South Centre'])","('1997', '2019', ['Winnipeg North Centre', 'Winnipeg St. James', 'Winnipeg North', 'Winnipeg South Centre'], ['Current riding'])"
Winnipeg North Centre,None found
Winnipeg North—St. Paul,None found
Winnipeg South,"('1917', '1979', ['Winnipeg (electoral district)'], ['Provencher', 'Winnipeg—Assiniboine', 'Winnipeg—Fort Garry'])","('1988', '2019', ['Winnipeg—Assiniboine', 'Winnipeg—Fort Garry'], ['Current riding'])"
Winnipeg South Centre,"('1925', '1979', ['Winnipeg South', 'Winnipeg Centre'], ['Selkirk—Interlake', 'Winnipeg—Assiniboine', 'Winnipeg—St. James', 'Winnipeg North Centre'])","('1988', '2019', ['Winnipeg North Centre', 'Winnipeg—Assiniboine', 'Winnipeg—Fort Garry'], ['Current riding'])"
Winnipeg—Transcona,"('1988', '2004', ['Winnipeg North Centre', 'Winnipeg—Birds Hill'], ['Elmwood—Transcona'])","('2004', '2019', ['Elmwood—Transcona'], ['Current riding'])"
Battlefords—Lloydminster,"('1997', '2019', ['Kindersley—Lloydminster', 'The Battlefords—Meadow Lake'], ['Current riding'])"
Blackstrap (electoral district),"('1997', '2015', ['Saskatoon—Dundurn', 'Mackenzie (electoral district)', 'Moose Jaw—Lake Centre', 'Saskatoon—Humboldt'], ['Moose Jaw—Lake Centre—Lanigan', 'Saskatoon—Grasswood', ""Regina—Qu'Appelle""])"
Churchill River (electoral district),"('1997', '2004', ['Prince Albert—Churchill River', 'Mackenzie (electoral district)', 'The Battlefords—Meadow Lake'], ['Desnethé—Missinippi—Churchill River'])","('2004', '2019', ['Desnethé—Missinippi—Churchill River'], ['Current riding'])"
Cypress Hills—Grasslands,"('1997', '2019', ['Kindersley—Lloydminster', 'Moose Jaw—Lake Centre', 'Swift Current—Maple Creek—Assiniboia'], ['Current riding'])"
Palliser (Saskatchewan electoral district),"('1997', '2015', ['Moose Jaw—Lake Centre', 'Regina—Lumsden', 'Regina—Wascana', 'Swift Current—Maple Creek—Assiniboia'], ['Moose Jaw—Lake Centre—Lanigan', 'Cypress Hills—Grasslands', 'Regina—Lewvan', ""Regina—Qu'Appelle""])"
Prince Albert (electoral district),"('1908', '1988', ['Humboldt (electoral district)', 'Mackenzie (electoral district)', 'Saskatchewan (electoral district)'], ['Prince Albert—Churchill River', 'Saskatoon—Humboldt', 'The Battlefords—Meadow Lake'])","('1997', '2019', ['Prince Albert—Churchill River', 'Mackenzie (electoral district)', 'Saskatoon—Humboldt'], ['Current riding'])"
Regina—Lumsden—Lake Centre,"('1997', '2000', ['Regina—Lumsden', 'Moose Jaw—Lake Centre', 'Mackenzie (electoral district)', ""Regina—Qu'Appelle""], [<i>Riding renamed</i>])","('2000', '2015', [<i>Riding renamed</i>], ['Moose Jaw—Lake Centre—Lanigan', ""Regina—Qu'Appelle"", 'Regina—Lewvan'])"
Qu'Appelle (electoral district),"('1904', '1968', [""Qu'Appelle""], [""Qu'Appelle—Moose Mountain"", 'Regina—Lake Centre', 'Regina East', 'Assiniboia (electoral district)'])","('1988', '1997', ['Assiniboia (electoral district)', 'Humboldt—Lake Centre', ""Qu'Appelle—Moose Mountain""], [""Qu'Appelle""])","('1997', '2000', [""Qu'Appelle""], [""Regina—Qu'Appelle""])","('2000', '2019', [""Regina—Qu'Appelle""], ['Current riding'])"
Saskatoon—Humboldt,"('1968', '1979', ['Humboldt—Melfort', 'Rosthern (electoral district)', 'Saskatoon (electoral district)'], ['Humboldt—Lake Centre', 'Prince Albert (electoral district)', 'Saskatoon East'])","('1988', '2015', [<i>Riding re-created from</i>], ['Carlton Trail—Eagle Creek', 'Yorkton—Melville', 'Moose Jaw—Lake Centre—Lanigan', 'Saskatoon—University', 'Saskatoon—Grasswood'])"
Saskatoon—Rosetown—Biggar,"('1997', '2000', ['Kindersley—Lloydminster', ""Saskatoon—Clark's Crossing"", 'Saskatoon—Dundurn', 'The Battlefords—Meadow Lake'], [<i>Riding renamed</i>])","('2000', '2015', [<i>Riding renamed</i>], ['Carlton Trail—Eagle Creek', 'Saskatoon West', 'Battlefords—Lloydminster'])"
Saskatoon—Wanuskewin,"('1997', '2000', [""Saskatoon—Clark's Crossing"", 'Kindersley—Lloydminster', 'Prince Albert—Churchill River', 'The Battlefords—Meadow Lake'], [<i>Riding renamed</i>])","('2000', '2015', [<i>Riding renamed</i>], ['Carlton Trail—Eagle Creek', 'Saskatoon West', 'Prince Albert (electoral district)', 'Desnethé—Missinippi—Churchill River'])"
Souris—Moose Mountain,"('1988', '2019', [""Qu'Appelle—Moose Mountain"", 'Assiniboia (electoral district)'], ['Current riding'])"
Wascana,"('1988', '1997', ['Assiniboia (electoral district)', 'Regina East', 'Regina West'], ['Wascana'])","('1997', '2015', ['Wascana'], ['Regina—Wascana'])","('2015', '2019', ['Regina—Wascana'], ['Current riding'])"
Yorkton—Melville,"('1968', '2019', ['Yorkton (electoral district)', 'Melville (electoral district)', 'Mackenzie (electoral district)'], ['Current riding'])"
Athabasca (electoral district),"('1968', '2006', ['Athabaska (electoral district)', 'Peace River (electoral district)'], [<i>Riding renamed</i>])","('2006', '2015', [<i>Riding renamed</i>], ['Fort McMurray—Cold Lake', 'Peace River—Westlock', 'Lakeland (electoral district)'])"
Calgary Centre,"('1968', '2019', ['Calgary North', 'Calgary South'], ['Current riding'])"
Calgary East,"('1917', '1925', ['East Calgary'], ['Calgary East'])","('1925', '1953', ['Calgary East'], ['Calgary North', 'Calgary South', 'Macleod (electoral district)'])","('1979', '1988', ['Calgary North', 'Calgary South', 'Palliser (Alberta electoral district)'], ['Calgary Centre', 'Calgary Southwest', 'Calgary Northeast', 'Calgary Southeast'])","('1997', '2015', ['Calgary Northeast', 'Calgary Southeast'], ['Calgary Shepard', 'Calgary Forest Lawn', 'Calgary Centre', 'Calgary Midnapore'])"
Calgary Northeast,"('1988', '2015', ['Calgary East', 'Bow River (electoral district)'], ['Calgary Skyview', 'Calgary Forest Lawn'])"
Calgary—Nose Hill,"('1997', '2015', ['Calgary North', 'Wild Rose (electoral district)'], ['Calgary Nose Hill'])","('2015', '2019', ['Calgary Nose Hill'], ['Current riding'])"
Calgary Southeast,"('1988', '2015', ['Calgary East', 'Bow River (electoral district)', 'Calgary South'], ['Calgary Shepard', 'Calgary Midnapore'])"
Calgary Southwest,"('1988', '2015', ['Bow River (electoral district)', 'Calgary East', 'Calgary West', 'Calgary South'], ['Calgary Heritage', 'Calgary Midnapore'])"
Calgary West,"('1917', '1953', ['Calgary (electoral district)'], ['Calgary North', 'Calgary South', 'Bow River (electoral district)', 'Red Deer (electoral district)'])","('1979', '2015', ['Calgary North', 'Calgary South', 'Calgary Centre', 'Palliser (Alberta electoral district)'], ['Calgary Signal Hill', 'Calgary Rocky Ridge', 'Calgary Confederation'])"
Crowfoot (electoral district),"('1968', '2015', ['Medicine Hat (federal electoral district)', 'Acadia (electoral district)', 'Bow River (electoral district)', 'Macleod (electoral district)'], ['Battle River—Crowfoot', 'Red Deer—Mountain View', 'Calgary Shepard', 'Calgary Forest Lawn'])"
Edmonton Centre-East,"('1953', '2000', ['Edmonton (electoral district)', 'Victoria (Alberta electoral district)'], [<i>Riding renamed</i>])","('2000', '2004', [<i>Riding renamed</i>], [<i>Riding renamed</i>])","('2004', '2015', [<i>Riding renamed</i>], ['Edmonton Griesbach', 'Edmonton Manning', 'Edmonton Strathcona'])"
Edmonton North,"('1979', '2004', ['Edmonton Centre', 'Edmonton East', 'Edmonton West', 'Pembina (Alberta electoral district)'], ['Edmonton East', 'Edmonton—Sherwood Park', 'Edmonton—St. Albert'])"
Edmonton Southeast,None found
Edmonton Southwest,None found
Edmonton—Strathcona,"('1953', '2015', ['Edmonton East', 'Edmonton West'], ['Edmonton Strathcona'])","('2015', '2019', ['Edmonton Strathcona'], ['Current riding'])"
Edmonton West,None found
Elk Island (electoral district),None found
Lakeland (electoral district),"('1997', '2004', ['Beaver River (electoral district)', 'Vegreville (electoral district)'], ['Athabasca (electoral district)', 'Vegreville—Wainwright', 'Westlock—St. Paul'])","('2015', '2019', ['Fort McMurray—Athabasca', 'Vegreville—Wainwright', 'Westlock—St. Paul'], ['Current riding'])"
Lethbridge (electoral district),"('1917', '1979', ['Macleod (electoral district)'], ['Lethbridge—Foothills'])","('1979', '1988', ['Lethbridge—Foothills'], ['Lethbridge'])","('1988', '2019', ['Lethbridge'], ['Current riding'])"
Macleod (electoral district),"('1908', '1968', ['Calgary (electoral district)', 'Alberta (Provisional District)'], ['Rocky Mountain (electoral district)', 'Palliser (Alberta electoral district)', 'Crowfoot (electoral district)', 'Lethbridge (electoral district)', 'Medicine Hat (federal electoral district)'])","('1988', '2015', ['Bow River (electoral district)', 'Lethbridge—Foothills', 'Medicine Hat (federal electoral district)', 'Wild Rose (electoral district)'], ['Foothills (electoral district)', 'Bow River (electoral district)', 'Medicine Hat—Cardston—Warner', 'Banff—Airdrie', 'Calgary Signal Hill', 'Calgary Midnapore'])"
Medicine Hat (federal electoral district),"('1908', '2015', ['Alberta (Provisional District)', 'Assiniboia West'], ['Medicine Hat—Cardston—Warner'])","('2015', '2019', ['Medicine Hat—Cardston—Warner'], ['Current riding'])"
Peace River (electoral district),"('1925', '2015', ['Edmonton West'], ['Grande Prairie—Mackenzie', 'Peace River—Westlock'])"
Red Deer (electoral district),"('1908', '2015', ['Calgary (electoral district)', 'Strathcona (electoral district)'], ['Red Deer—Mountain View', 'Red Deer—Lacombe'])"
St. Albert (federal electoral district),None found
Wetaskiwin (electoral district),"('1925', '2015', ['Calgary (electoral district)', 'Strathcona (electoral district)'], ['Red Deer—Lacombe', 'Edmonton—Wetaskiwin', 'Yellowhead (electoral district)', 'Battle River—Crowfoot'])"
Wild Rose (electoral district),"('1988', '2015', ['Bow River (electoral district)', 'Red Deer (electoral district)', 'Macleod (electoral district)'], ['Yellowhead (electoral district)', 'Banff—Airdrie', 'Red Deer—Mountain View', 'Calgary Rocky Ridge', 'Calgary Skyview', 'Calgary Nose Hill'])"
Yellowhead (electoral district),"('1979', '2019', ['Rocky Mountain (electoral district)', 'Athabasca (electoral district)', 'Edmonton West', 'Pembina (Alberta electoral district)', 'Wetaskiwin (electoral district)'], ['Current riding'])"
Burnaby—Douglas,"('1997', '2015', ['New Westminster—Burnaby', 'Burnaby—Kingsway'], ['Burnaby North—Seymour', 'Burnaby South'])"
Cariboo—Chilcotin,"('1979', '2004', ['Coast Chilcotin', 'Fraser Valley East', 'Kamloops—Cariboo', 'Skeena (electoral district)'], ['Cariboo—Prince George', 'Kamloops—Thompson', 'Chilliwack—Fraser Canyon'])"
Delta—South Richmond,None found
Dewdney—Alouette,"('1997', '2004', ['Fraser Valley East', 'Mission—Coquitlam'], ['Pitt Meadows—Maple Ridge—Mission'])","('2004', '2015', ['Pitt Meadows—Maple Ridge—Mission'], ['Pitt Meadows—Maple Ridge', 'Mission—Matsqui—Fraser Canyon'])"
Esquimalt—Juan de Fuca,"('1988', '2015', ['Esquimalt—Saanich', 'Cowichan—Malahat—The Islands'], ['Esquimalt—Saanich—Sooke', 'Cowichan—Malahat—Langford'])"
Fraser Valley (electoral district),"('1921', '1968', ['Westminster District'], ['Fraser Valley East', 'Fraser Valley West', 'Coast Chilcotin'])","('1997', '2004', ['Fraser Valley East', 'Fraser Valley West'], ['Abbotsford (electoral district)', 'Chilliwack—Fraser Canyon'])"
"Kamloops, Thompson and Highland Valleys","('1935', '1968', ['Cariboo (electoral district)', 'Kootenay West'], ['Coast Chilcotin', 'Fraser Valley East', 'Kamloops—Cariboo', 'Okanagan—Kootenay', 'Prince George—Peace River'])","('1988', '2000', ['Kamloops—Shuswap'], ['Kamloops, Thompson and Highland Valleys'])","('2000', '2004', ['Kamloops, Thompson and Highland Valleys'], ['Kamloops—Thompson'])"
Kelowna (electoral district),"('1997', '2004', ['Okanagan Centre'], ['Kelowna—Lake Country'])","('2004', '2019', ['Kelowna—Lake Country'], ['Current riding'])"
Kootenay—Columbia,"('1997', '2019', ['Kootenay East', 'Kootenay West—Revelstoke'], ['Current riding'])"
Langley—Abbotsford,"('1997', '2004', ['Fraser Valley East', 'Fraser Valley West', 'Surrey—White Rock—South Langley'], ['Abbotsford (electoral district)', 'Langley (electoral district)'])"
Nanaimo—Alberni,"('1979', '1988', ['Comox—Alberni', 'Nanaimo—Cowichan—The Islands'], ['Comox—Alberni', 'Nanaimo—Cowichan'])","('1997', '2015', ['Comox—Alberni', 'Nanaimo—Cowichan'], ['Courtenay—Alberni', 'Nanaimo—Ladysmith'])"
Nanaimo—Cowichan,"('1988', '2015', ['Nanaimo—Alberni', 'Cowichan—Malahat—The Islands'], ['Cowichan—Malahat—Langford', 'Nanaimo—Ladysmith'])"
New Westminster—Coquitlam—Burnaby,"('1997', '2004', ['New Westminster—Burnaby', 'Port Moody—Coquitlam'], ['New Westminster—Coquitlam', 'Burnaby—New Westminster'])"
North Vancouver (electoral district),"('1988', '2019', ['North Vancouver—Burnaby', 'Capilano (electoral district)'], ['Current riding'])"
Okanagan—Coquihalla,"('1997', '2015', ['Fraser Valley East', 'Okanagan—Similkameen—Merritt'], ['Central Okanagan—Similkameen—Nicola', 'South Okanagan—West Kootenay'])"
Okanagan—Shuswap,"('1988', '2004', ['Kamloops—Shuswap', 'Okanagan North'], ['North Okanagan—Shuswap'])","('2004', '2006', ['North Okanagan—Shuswap'], ['Okanagan—Shuswap'])","('2006', '2015', ['Okanagan—Shuswap'], ['North Okanagan—Shuswap'])","('2015', '2019', ['North Okanagan—Shuswap'], ['Current riding'])"
Port Moody—Coquitlam,"('1988', '2000', ['Mission—Port Moody', 'New Westminster—Coquitlam'], ['Port Moody—Coquitlam—Port Coquitlam'])","('2000', '2004', ['Port Moody—Coquitlam—Port Coquitlam'], ['Port Moody—Westwood—Port Coquitlam', 'New Westminster—Coquitlam'])","('2015', '2019', ['New Westminster—Coquitlam', 'Port Moody—Westwood—Port Coquitlam'], ['Current riding'])"
Prince George—Bulkley Valley,"('1979', '2004', ['Prince George—Peace River', 'Skeena (electoral district)', 'Kamloops—Cariboo'], ['Cariboo—Prince George', 'Skeena—Bulkley Valley', 'Prince George—Peace River', 'Kamloops—Thompson'])"
Prince George—Peace River,"('1968', '2015', ['Cariboo (electoral district)', 'Kamloops (electoral district)'], ['Prince George—Peace River—Northern Rockies'])","('2015', '2019', ['Prince George—Peace River—Northern Rockies'], ['Current riding'])"
Richmond (British Columbia federal electoral district),"('1988', '2015', ['Richmond—South Delta'], ['Richmond Centre'])","('2015', '2019', ['Richmond Centre'], ['Current riding'])"
Saanich—Gulf Islands,"('1988', '2019', ['Esquimalt—Saanich', 'Cowichan—Malahat—The Islands'], ['Current riding'])"
Skeena (electoral district),"('1917', '2004', ['Comox—Atlin'], ['Skeena—Bulkley Valley'])"
South Surrey—White Rock—Langley,None found
Surrey Central,None found
Surrey North,"('1988', '2015', ['Surrey—White Rock—North Delta', 'Surrey Central', 'Fraser Valley West'], ['Surrey Centre', 'Surrey—Newton'])"
Vancouver Centre,"('1917', '2019', ['Vancouver City'], ['Current riding'])"
Vancouver East,"('1935', '2019', ['Vancouver South', 'Vancouver—Burrard'], ['Current riding'])"
Vancouver Island North,"('1997', '2015', ['Comox—Alberni', 'North Island—Powell River'], ['North Island—Powell River', 'Courtenay—Alberni'])"
Vancouver Kingsway,"('1953', '1988', ['Vancouver South'], ['Burnaby—Kingsway', 'Vancouver East', 'Vancouver Quadra', 'Vancouver South'])","('1997', '2019', ['Burnaby—Kingsway', 'Vancouver East', 'Vancouver Quadra', 'Vancouver South'], ['Current riding'])"
Vancouver Quadra,"('1949', '2019', ['Vancouver East', 'Vancouver South'], ['Current riding'])"
Vancouver South—Burnaby,"('1997', '2004', ['Vancouver South', 'New Westminster—Burnaby'], ['Vancouver South', 'Burnaby—New Westminster', 'Burnaby—Douglas'])"
Victoria (electoral district),"('1872', '2019', ['Victoria District'], ['Current riding'])","('1925', '2019', ['Victoria City (electoral district)'], ['Current riding'])"
West Vancouver—Sunshine Coast,"('1997', '2004', ['Capilano—Howe Sound', 'North Island—Powell River'], ['West Vancouver—Sunshine Coast—Sea to Sky Country'])","('2004', '2019', ['West Vancouver—Sunshine Coast—Sea to Sky Country'], ['Current riding'])"
West Kootenay—Okanagan,"('1997', '2000', ['Kootenay West—Revelstoke', 'Okanagan—Similkameen—Merritt'], ['Kootenay—Boundary—Okanagan'])","('2000', '2004', ['Kootenay—Boundary—Okanagan'], ['Southern Interior'])","('2004', '2006', ['Southern Interior'], ['British Columbia Southern Interior'])","('2006', '2015', ['British Columbia Southern Interior'], ['South Okanagan—West Kootenay', 'Central Okanagan—Similkameen—Nicola', 'Kootenay—Columbia'])"
Nunavut (electoral district),"('1979', '1997', ['Northwest Territories (electoral district)'], ['Nunavut'])","('1997', '2019', ['Nunavut'], ['Current riding'])"
Western Arctic,"('1962', '1979', ['Mackenzie River (electoral district)'], ['Nunatsiaq (electoral district)'])","('1979', '2014', [<i>As</i>], ['Northwest Territories'])","('2014', '2019', ['Northwest Territories'], ['Current riding'])"
Yukon (electoral district),"('1902', '1949', ['Yukon'], ['Yukon—Mackenzie River'])","('1953', '2019', ['Yukon—Mackenzie River'], ['Current riding'])"
Calgary Centre-North,"('2004', '2006', ['Calgary Centre', 'Calgary Northeast', 'Calgary—Nose Hill'], ['Calgary Centre-North'])","('2006', '2015', ['Calgary Centre-North'], ['Calgary Confederation', 'Calgary Nose Hill'])"
Edmonton Centre,"('1968', '1979', ['Edmonton East', 'Edmonton West'], ['Edmonton North', 'Edmonton East', 'Edmonton West'])","('2004', '2019', ['Edmonton West', 'Edmonton Southwest', 'Edmonton Centre-East'], ['Current riding'])"
Edmonton East,"('1953', '2000', ['Edmonton (electoral district)', 'Victoria (Alberta electoral district)'], [<i>Riding renamed</i>])","('2000', '2004', [<i>Riding renamed</i>], [<i>Riding renamed</i>])","('2004', '2015', [<i>Riding renamed</i>], ['Edmonton Griesbach', 'Edmonton Manning', 'Edmonton Strathcona'])"
Edmonton—Leduc,"('2004', '2015', ['Edmonton Southwest', 'Edmonton—Strathcona', 'Wetaskiwin (electoral district)'], ['Edmonton Riverbend', 'Edmonton—Wetaskiwin'])"
Edmonton—Mill Woods—Beaumont,"('2004', '2006', ['Edmonton Southeast', 'Wetaskiwin (electoral district)', 'Elk Island (electoral district)'], [<i>Riding renamed</i>])","('2006', '2015', [<i>Riding renamed</i>], ['Edmonton Mill Woods', 'Edmonton—Wetaskiwin'])"
Edmonton—St. Albert,"('2004', '2015', ['Edmonton North', 'St. Albert (federal electoral district)', 'Edmonton West'], ['St. Albert—Edmonton', 'Edmonton Griesbach', 'Edmonton Manning'])"
Edmonton—Sherwood Park,"('2004', '2015', ['Elk Island (electoral district)', 'Edmonton Centre-East', 'Edmonton North'], ['Sherwood Park—Fort Saskatchewan', 'Edmonton Manning'])"
Edmonton—Spruce Grove,None found
Fort McMurray—Athabasca,"('1968', '2006', ['Athabaska (electoral district)', 'Peace River (electoral district)'], [<i>Riding renamed</i>])","('2006', '2015', [<i>Riding renamed</i>], ['Fort McMurray—Cold Lake', 'Peace River—Westlock', 'Lakeland (electoral district)'])"
Vegreville—Wainwright,"('2004', '2015', ['Lakeland (electoral district)', 'Elk Island (electoral district)', 'Crowfoot (electoral district)', 'Wetaskiwin (electoral district)'], ['Battle River—Crowfoot', 'Sherwood Park—Fort Saskatchewan', 'Edmonton—Wetaskiwin'])"
Westlock—St. Paul,"('2004', '2015', ['Lakeland (electoral district)', 'Elk Island (electoral district)', 'St. Albert (federal electoral district)', 'Yellowhead (electoral district)', 'Athabasca (electoral district)'], ['Fort McMurray—Cold Lake', 'Peace River—Westlock', 'Sturgeon River—Parkland', 'St. Albert—Edmonton'])"
Abbotsford (electoral district),"('2004', '2019', ['Fraser Valley (electoral district)', 'Langley—Abbotsford'], ['Current riding'])"
British Columbia Southern Interior,"('1997', '2000', ['Kootenay West—Revelstoke', 'Okanagan—Similkameen—Merritt'], ['Kootenay—Boundary—Okanagan'])","('2000', '2004', ['Kootenay—Boundary—Okanagan'], ['Southern Interior'])","('2004', '2006', ['Southern Interior'], ['British Columbia Southern Interior'])","('2006', '2015', ['British Columbia Southern Interior'], ['South Okanagan—West Kootenay', 'Central Okanagan—Similkameen—Nicola', 'Kootenay—Columbia'])"
Burnaby—New Westminster,"('2004', '2015', ['New Westminster—Coquitlam—Burnaby', 'Vancouver South—Burnaby', 'Burnaby—Douglas'], ['Burnaby South', 'New Westminster—Burnaby'])"
Cariboo—Prince George,"('2004', '2019', ['Cariboo—Chilcotin', 'Prince George—Bulkley Valley'], ['Current riding'])"
Chilliwack—Fraser Canyon,"('2004', '2015', ['Fraser Valley (electoral district)', 'Cariboo—Chilcotin', 'Pitt Meadows—Maple Ridge—Mission', 'Okanagan—Coquihalla', 'West Vancouver—Sunshine Coast'], ['Chilliwack—Hope', 'Mission—Matsqui—Fraser Canyon', 'West Vancouver—Sunshine Coast—Sea to Sky Country'])"
Delta—Richmond East,"('2004', '2015', ['Delta—South Richmond', 'Richmond (British Columbia federal electoral district)'], ['Delta (electoral district)', 'Steveston—Richmond East'])"
Fleetwood—Port Kells,"('2004', '2019', ['Surrey Central', 'Surrey North'], ['Current riding'])"
Kamloops—Thompson—Cariboo,"('2004', '2006', ['Kamloops, Thompson and Highland Valleys', 'Cariboo—Chilcotin', 'Prince George—Bulkley Valley'], ['Kamloops—Thompson—Cariboo'])","('2006', '2019', ['Kamloops—Thompson—Cariboo'], ['Current riding'])"
Kelowna—Lake Country,"('1997', '2004', ['Okanagan Centre'], ['Kelowna—Lake Country'])","('2004', '2019', ['Kelowna—Lake Country'], ['Current riding'])"
Langley (electoral district),"('2004', '2015', ['Langley—Abbotsford', 'South Surrey—White Rock—Langley'], ['Langley—Aldergrove', 'Cloverdale—Langley City'])"
Newton—North Delta,"('2004', '2015', ['Delta—South Richmond', 'Surrey Central'], ['None found'])"
New Westminster—Coquitlam,"('1979', '1988', ['New Westminster (electoral district)', 'Fraser Valley West'], ['New Westminster—Burnaby', 'Port Moody—Coquitlam'])","('2004', '2015', ['New Westminster—Coquitlam—Burnaby', 'Port Moody—Coquitlam—Port Coquitlam'], ['Port Moody—Coquitlam', 'New Westminster—Burnaby'])"
Pitt Meadows—Maple Ridge—Mission,"('1997', '2004', ['Fraser Valley East', 'Mission—Coquitlam'], ['Pitt Meadows—Maple Ridge—Mission'])","('2004', '2015', ['Pitt Meadows—Maple Ridge—Mission'], ['Pitt Meadows—Maple Ridge', 'Mission—Matsqui—Fraser Canyon'])"
Port Moody—Westwood—Port Coquitlam,"('2004', '2015', ['Port Moody—Coquitlam—Port Coquitlam'], ['Coquitlam—Port Coquitlam', 'Port Moody—Coquitlam'])"
Skeena—Bulkley Valley,"('2004', '2019', ['Skeena (electoral district)', 'Prince George—Bulkley Valley', 'Cariboo—Chilcotin'], ['Current riding'])"
South Surrey—White Rock—Cloverdale,"('2004', '2015', ['South Surrey—White Rock—Langley', 'Surrey Central'], ['South Surrey—White Rock', 'Cloverdale—Langley City'])"
Vancouver South,"('1917', '1997', ['Vancouver City'], ['Vancouver South—Burnaby'])","('2004', '2019', ['Vancouver South—Burnaby'], ['Current riding'])"
West Vancouver—Sunshine Coast—Sea to Sky Country,"('1997', '2004', ['Capilano—Howe Sound', 'North Island—Powell River'], ['West Vancouver—Sunshine Coast—Sea to Sky Country'])","('2004', '2019', ['West Vancouver—Sunshine Coast—Sea to Sky Country'], ['Current riding'])"
Dauphin—Swan River—Marquette,"('1904', '1984', ['Macdonald (electoral district)', 'Marquette (electoral district)', 'Saskatchewan (Provisional District)'], ['Dauphin—Swan River'])","('1984', '2004', ['Dauphin—Swan River'], ['Dauphin—Swan River—Marquette'])","('2004', '2015', ['Dauphin—Swan River—Marquette'], ['None found'])"
Elmwood—Transcona,"('1988', '2004', ['Winnipeg North Centre', 'Winnipeg—Birds Hill'], ['Elmwood—Transcona'])","('2004', '2019', ['Elmwood—Transcona'], ['Current riding'])"
Kildonan—St. Paul,"('2004', '2019', ['Winnipeg North—St. Paul', 'Winnipeg North Centre', 'Winnipeg—Transcona'], ['Current riding'])"
Winnipeg North,"('1917', '1997', ['Winnipeg (electoral district)', 'Selkirk (electoral district)'], ['Winnipeg North—St. Paul'])","('2004', '2019', ['Winnipeg North—St. Paul', 'Winnipeg North Centre'], ['Current riding'])"
Beauséjour (electoral district),"('1968', '1988', ['Kent (New Brunswick electoral district)', 'Westmorland (electoral district)'], ['Beauséjour'])","('1988', '1997', ['Beauséjour'], ['Beauséjour—Petitcodiac'])","('1997', '2004', ['Beauséjour—Petitcodiac'], ['Beauséjour'])","('2004', '2019', ['Beauséjour'], ['Current riding'])"
Fundy Royal,"('1917', '1968', ['Royal'], ['Fundy—Royal'])","('1968', '2004', ['Fundy—Royal'], ['Fundy Royal'])","('2004', '2019', ['Fundy Royal'], ['Current riding'])"
Moncton—Riverview—Dieppe,"('1968', '1997', ['Westmorland (electoral district)'], ['Moncton—Riverview—Dieppe'])","('1997', '2019', ['Moncton—Riverview—Dieppe'], ['Current riding'])"
New Brunswick Southwest,"('1867', '1968', ['Charlotte'], ['Carleton—Charlotte'])","('1997', '2000', ['Carleton—Charlotte', 'Fundy—Royal', 'Saint John (electoral district)', 'Fredericton—York—Sunbury'], ['New Brunswick Southwest'])","('2000', '2004', ['New Brunswick Southwest'], ['St. Croix—Belleisle'])","('2004', '2006', ['St. Croix—Belleisle'], ['New Brunswick Southwest'])","('2006', '2019', ['New Brunswick Southwest'], ['Current riding'])"
Avalon (electoral district),"('2004', '2019', ['Bonavista—Trinity—Conception', ""St. John's East"", ""St. John's West""], ['Current riding'])"
Bonavista—Gander—Grand Falls—Windsor,"('2004', '2006', ['Gander—Grand Falls', 'Bonavista—Trinity—Conception'], ['Bonavista—Gander—Grand Falls—Windsor'])","('2006', '2015', ['Bonavista—Gander—Grand Falls—Windsor'], ['Coast of Bays—Central—Notre Dame', 'Bonavista—Burin—Trinity'])"
Random—Burin—St. George's,"('2004', '2015', [""Burin—St. George's"", 'Bonavista—Trinity—Conception', 'Humber—St. Barbe—Baie Verte'], ['Bonavista—Burin—Trinity', 'Long Range Mountains (electoral district)', 'Coast of Bays—Central—Notre Dame'])"
St. John's South—Mount Pearl,"('2004', '2006', [""St. John's West"", ""St. John's East""], [""St. John's South—Mount Pearl""])","('2006', '2019', [""St. John's South—Mount Pearl""], ['Current riding'])"
Northwest Territories (electoral district),"('1962', '1979', ['Mackenzie River (electoral district)'], ['Nunatsiaq (electoral district)'])","('1979', '2014', [<i>As</i>], ['Northwest Territories'])","('2014', '2019', ['Northwest Territories'], ['Current riding'])"
Cape Breton—Canso,"('1997', '2000', ['Cape Breton Highlands—Canso', 'Cape Breton—East Richmond'], [""Bras d'Or—Cape Breton""])","('2000', '2004', [""Bras d'Or—Cape Breton""], ['Cape Breton—Canso'])","('2004', '2019', ['Cape Breton—Canso'], ['Current riding'])"
Central Nova,"('1968', '1997', ['Antigonish—Guysborough', 'Colchester—Hants', 'Pictou (electoral district)'], ['Pictou—Antigonish—Guysborough', 'Sackville—Eastern Shore'])","('2004', '2019', ['Pictou—Antigonish—Guysborough', 'Sackville—Musquodoboit Valley—Eastern Shore'], ['Current riding'])"
Cumberland—Colchester—Musquodoboit Valley,"('1968', '1979', ['Cumberland (electoral district)', 'Colchester—Hants'], ['Cumberland—Colchester'])","('1979', '2004', ['Cumberland—Colchester'], ['North Nova'])","('2004', '2006', ['North Nova'], ['Cumberland—Colchester—Musquodoboit Valley'])","('2006', '2015', ['Cumberland—Colchester—Musquodoboit Valley'], ['Cumberland—Colchester'])","('2015', '2019', ['Cumberland—Colchester'], ['Current riding'])"
Dartmouth—Cole Harbour,"('1968', '1988', ['Halifax (electoral district)'], ['Dartmouth'])","('1988', '2004', ['Dartmouth'], ['Dartmouth—Cole Harbour'])","('2004', '2019', ['Dartmouth—Cole Harbour'], ['Current riding'])"
South Shore—St. Margaret's,"('1968', '2004', ['Queens—Lunenburg', 'Shelburne—Yarmouth—Clare'], [""South Shore—St. Margaret's""])","('2004', '2015', [""South Shore—St. Margaret's""], ['South Shore—St. Margarets'])","('2015', '2019', ['South Shore—St. Margarets'], ['Current riding'])"
Ajax—Pickering,None found
Algoma—Manitoulin—Kapuskasing,"('1867', '1904', ['Algoma'], ['Algoma East', 'Algoma West'])","('1968', '1997', ['Algoma East', 'Algoma West'], ['Algoma—Manitoulin'])","('1997', '2004', ['Algoma—Manitoulin'], ['Algoma—Manitoulin—Kapuskasing'])","('2004', '2019', ['Algoma—Manitoulin—Kapuskasing'], ['Current riding'])"
Ancaster—Dundas—Flamborough—Westdale,None found
Barrie (electoral district),"('1997', '2004', ['York—Simcoe', 'Simcoe Centre'], ['Barrie'])","('2004', '2015', ['Barrie'], ['Barrie—Innisfil', 'Barrie—Springwater—Oro-Medonte'])"
Bramalea—Gore—Malton,None found
Brampton—Springdale,"('2004', '2015', ['Bramalea—Gore—Malton—Springdale', 'Brampton Centre'], ['Brampton Centre', 'Brampton North', 'Brampton East'])"
Brampton West,None found
Carleton—Mississippi Mills,"('1988', '2004', ['Lanark—Renfrew—Carleton', 'Nepean—Carleton'], [<i>Riding renamed</i>])","('2004', '2015', [<i>Riding renamed</i>], ['Kanata—Carleton', 'Carleton (Ontario electoral district)', 'Lanark—Frontenac—Kingston'])"
Dufferin—Caledon,None found
Guelph (electoral district),"('1979', '1988', ['Halton—Wentworth', 'Wellington (electoral district)', 'Wellington—Grey'], ['Guelph—Wellington'])","('1988', '2004', ['Guelph—Wellington'], ['Guelph'])","('2004', '2019', ['Guelph'], ['Current riding'])"
Haldimand—Norfolk,"('1979', '1997', ['Norfolk—Haldimand'], ['Haldimand—Norfolk—Brant'])","('2004', '2019', ['Haldimand—Norfolk—Brant', 'Erie—Lincoln'], ['Current riding'])"
Haliburton—Kawartha Lakes—Brock,"('1968', '2000', ['Hastings—Frontenac', 'Peterborough (electoral district)', 'Victoria (Ontario electoral district)'], ['Haliburton—Victoria—Brock'])","('2000', '2004', ['Haliburton—Victoria—Brock'], ['Haliburton—Kawartha Lakes—Brock'])","('2004', '2019', ['Haliburton—Kawartha Lakes—Brock'], ['Current riding'])"
Hamilton Centre,"('2004', '2019', ['Hamilton East (electoral district)', 'Hamilton West (electoral district)', 'Ancaster—Dundas—Flamborough—Aldershot'], ['Current riding'])"
Hamilton East—Stoney Creek,None found
Hamilton Mountain (electoral district),"('1968', '2019', ['Hamilton South (electoral district)', 'Hamilton West (electoral district)'], ['Current riding'])"
Kenora (electoral district),"('2004', '2019', ['Kenora—Rainy River'], ['Current riding'])"
Kitchener—Conestoga,"('2004', '2019', ['Waterloo—Wellington', 'Kitchener Centre', 'Cambridge (electoral district)'], ['Current riding'])"
Lanark—Frontenac—Lennox and Addington,"('2004', '2015', ['Hastings—Frontenac—Lennox and Addington', 'Lanark—Carleton'], ['Lanark—Frontenac—Kingston', 'Hastings—Lennox and Addington'])"
London North Centre,"('1997', '2000', ['London East', 'London West', 'London—Middlesex'], ['London North Centre'])","('2000', '2019', ['London North Centre'], ['Current riding'])"
Markham—Unionville,"('2004', '2019', ['Markham (electoral district)'], ['Current riding'])"
Mississauga—Brampton South,"('2004', '2015', ['Bramalea—Gore—Malton—Springdale', 'Brampton West—Mississauga', 'Mississauga Centre', 'Mississauga East'], ['Mississauga—Malton', 'Mississauga—Streetsville', 'Mississauga East—Cooksville', 'Mississauga Centre', 'Brampton South', 'Brampton Centre'])"
Mississauga East—Cooksville,"('2004', '2019', ['Mississauga Centre', 'Mississauga East'], ['Current riding'])"
Mississauga—Erindale,"('2004', '2015', ['Mississauga Centre', 'Mississauga West'], ['Mississauga—Erin Mills', 'Mississauga Centre', 'Mississauga—Lakeshore'])"
Mississauga—Streetsville,None found
Newmarket—Aurora,"('2004', '2019', ['York North', 'Vaughan—King—Aurora'], ['Current riding'])"
Niagara West—Glanbrook,None found
Nipissing—Timiskaming,None found
Northumberland—Quinte West,"('2004', '2015', ['Northumberland (Ontario electoral district)', 'Prince Edward—Hastings'], ['Northumberland—Peterborough South', 'Bay of Quinte (electoral district)'])"
Oak Ridges—Markham,"('2004', '2015', ['Oak Ridges (electoral district)', 'Markham (electoral district)', 'Vaughan—King—Aurora', 'York North'], ['Markham—Stouffville', 'King—Vaughan', 'Markham—Unionville', 'Aurora—Oak Ridges—Richmond Hill'])"
Ottawa—Orléans,"('1988', '2000', ['Glengarry—Prescott—Russell', 'Nepean—Carleton', 'Ottawa—Carleton'], ['Ottawa—Orléans'])","('2000', '2015', ['Ottawa—Orléans'], ['Orléans'])","('2015', '2019', ['Orléans'], ['Current riding'])"
Perth—Wellington,"('2004', '2019', ['Dufferin—Peel—Wellington—Grey', 'Perth—Middlesex', 'Waterloo—Wellington'], ['Current riding'])"
Pickering—Scarborough East,None found
Richmond Hill (electoral district),None found
Scarborough—Guildwood,"('2004', '2019', ['Scarborough East', 'Scarborough Southwest', 'Scarborough Centre (electoral district)'], ['Current riding'])"
Stormont—Dundas—South Glengarry,"('1968', '2000', ['Grenville—Dundas', 'Stormont (electoral district)'], ['Stormont—Dundas—Charlottenburgh'])","('2000', '2004', ['Stormont—Dundas—Charlottenburgh'], ['Stormont—Dundas—South Glengarry'])","('2004', '2019', ['Stormont—Dundas—South Glengarry'], ['Current riding'])"
Thunder Bay—Rainy River,"('2004', '2019', ['Kenora—Rainy River', 'Thunder Bay—Atikokan'], ['Current riding'])"
Toronto Centre,"('1872', '1904', ['West Toronto', 'East Toronto (electoral district)'], ['Toronto Centre'])","('1904', '1925', ['Toronto Centre'], ['Toronto East Centre', 'Toronto West Centre', 'Toronto South'])","('1935', '1997', ['Toronto East Centre', 'Toronto West Centre', 'Toronto South'], ['Toronto Centre—Rosedale'])","('1997', '2004', ['Toronto Centre—Rosedale'], ['Toronto Centre'])","('2004', '2019', ['Toronto Centre'], ['Current riding'])"
Vaughan (electoral district),"('2004', '2015', ['Vaughan—King—Aurora'], ['Dufferin—Caledon', 'King—Vaughan', 'Vaughan—Woodbridge'])"
Welland (electoral district),"('1867', '1988', ['Welland'], ['Welland—St. Catharines—Thorold', 'St. Catharines (electoral district)', 'Erie (electoral district)'])","('1997', '2004', ['Erie (electoral district)', 'Welland—St. Catharines—Thorold'], ['Welland'])","('2004', '2015', ['Welland'], ['Niagara Centre'])","('2015', '2019', ['Niagara Centre'], ['Current riding'])"
Wellington—Halton Hills,"('2004', '2019', ['Dufferin—Peel—Wellington—Grey', 'Guelph—Wellington', 'Halton (electoral district)', 'Waterloo—Wellington'], ['Current riding'])"
Whitby—Oshawa,"('2004', '2015', ['Durham (electoral district)', 'Oshawa (electoral district)', 'Whitby—Ajax'], ['Whitby (electoral district)', 'Durham (electoral district)', 'Oshawa (electoral district)'])"
Windsor—Tecumseh,"('1988', '1993', ['Essex—Windsor', 'Windsor—Walkerville'], ['Windsor—St. Clair'])","('1993', '2004', ['Windsor—St. Clair'], ['Windsor—Tecumseh'])","('2004', '2019', ['Windsor—Tecumseh'], ['Current riding'])"
York—Simcoe,"('1968', '1979', ['Dufferin—Simcoe', 'York North'], ['Simcoe South', 'York North', 'York—Peel', 'Wellington—Dufferin—Simcoe'])","('1988', '1997', ['Simcoe South', 'Victoria—Haliburton', 'Wellington—Dufferin—Simcoe', 'York—Peel'], ['Barrie—Simcoe—Bradford', 'Simcoe—Grey', 'York North'])","('2004', '2019', ['Barrie—Simcoe—Bradford', 'Simcoe—Grey', 'York North'], ['Current riding'])"
Charlottetown (electoral district),"('1968', '2004', [""Queen's (Prince Edward Island electoral district)""], ['Charlottetown'])","('2004', '2019', ['Charlottetown'], ['Current riding'])"
Abitibi—Baie-James—Nunavik—Eeyou,"('1968', '2000', ['Chapleau (electoral district)', 'Villeneuve (electoral district)', 'Saguenay (electoral district)'], ['Abitibi—Baie-James—Nunavik'])","('2000', '2004', ['Abitibi—Baie-James—Nunavik'], ['Nunavik—Eeyou'])","('2004', '2006', ['Nunavik—Eeyou'], ['Abitibi—Baie-James—Nunavik—Eeyou'])","('2006', '2019', ['Abitibi—Baie-James—Nunavik—Eeyou'], ['Current riding'])"
Abitibi—Témiscamingue,"('1968', '2004', ['Pontiac—Témiscamingue', 'Villeneuve (electoral district)'], ['Abitibi—Témiscamingue'])","('2004', '2019', ['Abitibi—Témiscamingue'], ['Current riding'])"
Alfred-Pellan (electoral district),"('1968', '1993', ['Laval (electoral district)'], ['Laval East'])","('1993', '2004', ['Laval East'], ['Alfred-Pellan'])","('2004', '2019', ['Alfred-Pellan'], ['Current riding'])"
Beauport—Limoilou,"('2004', '2006', [""Beauport—Montmorency—Côte-de-Beaupré—Île-d'Orléans"", 'Quebec (electoral district)', 'Québec East'], ['Beauport—Limoilou'])","('2006', '2019', ['Beauport—Limoilou'], ['Current riding'])"
Berthier—Maskinongé,"('1925', '1953', ['Berthier (electoral district)', 'Maskinongé (electoral district)'], ['Berthier—Maskinongé—delanaudière'])","('1968', '1979', ['Berthier—Maskinongé—delanaudière', 'Chapleau (electoral district)', ""Joliette—L'Assomption—Montcalm"", 'St-Maurice—Laflèche', 'Three Rivers (electoral district)'], ['Berthier—Maskinongé'])","('1979', '1984', ['Berthier—Maskinongé'], ['Berthier—Maskinongé—Lanaudière'])","('1984', '1988', ['Berthier—Maskinongé—Lanaudière'], ['Berthier—Montcalm', 'Champlain (electoral district)', 'Saint-Maurice (electoral district)'])","('2004', '2019', ['Trois-Rivières (electoral district)', 'Berthier—Montcalm', 'Saint-Maurice (electoral district)'], ['Current riding'])"
Chambly—Borduas,"('1867', '1896', ['Chambly'], ['Chambly—Verchères'])","('1896', '1935', ['Chambly—Verchères'], ['Chambly—Rouville', 'Richelieu—Verchères'])","('1968', '2004', ['Chambly—Rouville', 'Châteauguay—Huntingdon—Laprairie', 'Richelieu—Verchères'], ['Chambly—Borduas'])","('2004', '2015', ['Chambly—Borduas'], ['Beloeil—Chambly', 'Montarville (electoral district)', 'Pierre-Boucher—Les Patriotes—Verchères'])"
Charlesbourg—Haute-Saint-Charles,"('1979', '2000', ['Portneuf (electoral district)', 'Montmorency (electoral district)'], ['Charlesbourg—Jacques-Cartier'])","('2000', '2004', ['Charlesbourg—Jacques-Cartier'], ['Charlesbourg'])","('2004', '2006', ['Charlesbourg'], ['Charlesbourg—Haute-Saint-Charles'])","('2006', '2019', ['Charlesbourg—Haute-Saint-Charles'], ['Current riding'])"
Châteauguay—Saint-Constant,None found
Gaspésie—Îles-de-la-Madeleine,None found
Haute-Gaspésie—La Mitis—Matane—Matapédia,"('1935', '1968', ['Matane (electoral district)'], ['Matane (electoral district)', 'Rimouski (electoral district)'])","('1979', '2004', ['Matane (electoral district)', 'Rimouski (electoral district)'], ['Haute-Gaspésie—La Mitis—Matane—Matapédia'])","('2004', '2015', ['Haute-Gaspésie—La Mitis—Matane—Matapédia'], ['Avignon—La Mitis—Matane—Matapédia', 'Gaspésie—Les Îles-de-la-Madeleine'])"
Hochelaga (electoral district),"('1867', '1979', ['Hochelaga'], ['Sainte-Marie'])","('1979', '1984', ['Sainte-Marie'], ['Montreal—Sainte-Marie'])","('1984', '1988', ['Montreal—Sainte-Marie'], ['Laurier—Sainte-Marie', 'Rosemont (electoral district)'])","('2004', '2019', ['Hochelaga—Maisonneuve', 'Laurier—Sainte-Marie'], ['Current riding'])"
Honoré-Mercier (electoral district),"('1988', '2004', ['Gamelin (electoral district)', 'Montreal—Mercier', 'Saint-Léonard—Anjou'], ['Honoré-Mercier'])","('2004', '2019', ['Honoré-Mercier'], ['Current riding'])"
Jeanne-Le Ber,"('2004', '2015', ['Verdun—Saint-Henri—Saint-Paul—Pointe Saint-Charles', 'Westmount—Ville-Marie'], ['Ville-Marie—Le Sud-Ouest—Île-des-Sœurs', 'LaSalle—Émard—Verdun'])"
Jonquière—Alma,"('2004', '2015', ['Jonquière (electoral district)', 'Lac-Saint-Jean—Saguenay'], ['Jonquière (electoral district)', 'Lac-Saint-Jean—Saguenay'])"
La Pointe-de-l'Île (electoral district),"('2004', '2019', ['Anjou—Rivière-des-Prairies', 'Hochelaga—Maisonneuve', 'Mercier (electoral district)'], ['Current riding'])"
Laurentides—Labelle,"('2004', '2019', ['Laurentides (electoral district)', 'Pontiac—Gatineau—Labelle', 'Argenteuil—Papineau—Mirabel'], ['Current riding'])"
Laval (electoral district),"('1867', '1917', ['Laval'], ['Laval—Two Mountains'])","('1949', '1979', ['Laval—Two Mountains', 'Mercier (electoral district)'], ['Laval Centre', 'Laval West'])","('2004', '2015', ['Laval Centre', 'Laval West'], ['Vimy (electoral district)', 'Marc-Aurèle-Fortin (electoral district)'])"
Laval—Les Îles,"('2004', '2019', ['Laval West'], ['Current riding'])"
Lévis—Bellechasse,"('2004', '2015', ['Lévis-et-Chutes-de-la-Chaudière', ""Bellechasse—Etchemins—Montmagny—L'Islet""], ['Bellechasse—Les Etchemins—Lévis'])","('2015', '2019', ['Bellechasse—Les Etchemins—Lévis'], ['Current riding'])"
Longueuil—Pierre-Boucher,"('1953', '2004', ['Chambly—Rouville', 'Châteauguay—Huntingdon—Laprairie'], ['Longueuil—Pierre-Boucher'])","('2004', '2015', ['Longueuil—Pierre-Boucher'], ['Longueuil—Saint-Hubert'])","('2015', '2019', ['Longueuil—Saint-Hubert'], ['Current riding'])"
Lotbinière—Chutes-de-la-Chaudière,"('2004', '2015', ['Lévis-et-Chutes-de-la-Chaudière', ""Lotbinière—L'Érable""], ['Lévis—Lotbinière'])","('2015', '2019', ['Lévis—Lotbinière'], ['Current riding'])"
Louis-Saint-Laurent (electoral district),"('2004', '2019', ['Portneuf (electoral district)', 'Quebec East'], ['Current riding'])"
Marc-Aurèle-Fortin (electoral district),"('2004', '2019', ['Laval Centre', 'Terrebonne—Blainville', 'Laval East', 'Rivière-des-Mille-Îles (electoral district)'], ['Current riding'])"
Mégantic—L'Érable,"('2004', '2019', ['Frontenac—Mégantic', ""Lotbinière—L'Érable""], ['Current riding'])"
Montcalm (electoral district),"('1867', '1917', ['Montcalm'], [""L'Assomption—Montcalm""])","('2004', '2018', ['Berthier—Montcalm', 'Repentigny (electoral district)', 'Terrebonne—Blainville'], ['None found'])"
Montmagny—L'Islet—Kamouraska—Rivière-du-Loup,"('2004', '2006', [""Bellechasse—Etchemins—Montmagny—L'Islet"", 'Kamouraska—Rivière-du-Loup—Témiscouata—Les Basques'], [""Montmagny—L'Islet—Kamouraska—Rivière-du-Loup""])","('2006', '2019', [""Montmagny—L'Islet—Kamouraska—Rivière-du-Loup""], ['Current riding'])"
Montmorency—Charlevoix—Haute-Côte-Nord,"('1917', '1925', ['Charlevoix (electoral district)', 'Chicoutimi—Saguenay', 'Montmorency (electoral district)'], ['Charlevoix—Saguenay', 'Québec—Montmorency'])","('2004', '2006', [""Beauport—Montmorency—Côte-de-Beaupré—Île-d'Orléans"", 'Charlesbourg—Jacques-Cartier', 'Charlevoix (electoral district)'], ['Montmorency—Charlevoix—Haute-Côte-Nord'])","('2006', '2015', ['Montmorency—Charlevoix—Haute-Côte-Nord'], [""Beauport—Côte-de-Beaupré—Île d'Orléans—Charlevoix""])","('2015', '2019', [""Beauport—Côte-de-Beaupré—Île d'Orléans—Charlevoix""], ['Current riding'])"
Papineau (electoral district),"('1949', '1988', ['Hochelaga (electoral district)', 'Mercier (electoral district)', 'St. James (electoral district)', 'Saint-Denis (electoral district)'], ['Papineau—Saint-Michel'])","('1988', '1997', ['Papineau—Saint-Michel'], ['Papineau—Saint-Denis'])","('1997', '2004', ['Papineau—Saint-Denis'], ['Papineau'])","('2004', '2019', ['Papineau'], ['Current riding'])"
Pontiac (electoral district),"('1867', '1949', ['Pontiac'], ['Pontiac—Témiscamingue', 'Villeneuve (electoral district)'])","('1968', '1979', ['Pontiac—Témiscamingue', 'Gatineau (electoral district)', 'Labelle (electoral district)'], ['Pontiac—Gatineau—Labelle'])","('1979', '2004', ['Pontiac—Gatineau—Labelle'], ['Pontiac'])","('2004', '2019', ['Pontiac'], ['Current riding'])"
Portneuf—Jacques-Cartier,"('1867', '2006', ['Portneuf'], ['Portneuf—Jacques-Cartier'])","('2006', '2019', ['Portneuf—Jacques-Cartier'], ['Current riding'])"
Rimouski-Neigette—Témiscouata—Les Basques,"('2004', '2019', ['Kamouraska—Rivière-du-Loup—Témiscouata—Les Basques', 'Rimouski-Neigette-et-La Mitis'], ['Current riding'])"
Rivière-des-Mille-Îles (electoral district),"('1997', '2000', ['Blainville—Deux-Montagnes'], ['Rivière-des-Mille-Îles'])","('2000', '2019', ['Rivière-des-Mille-Îles'], ['Current riding'])"
Rivière-du-Nord (electoral district),"('2004', '2019', ['Laurentides (electoral district)', 'Berthier—Montcalm', 'Argenteuil—Papineau—Mirabel'], ['Current riding'])"
Roberval—Lac-Saint-Jean,"('1949', '2006', ['Lake St-John—Roberval'], ['Roberval—Lac-Saint-Jean'])","('2006', '2015', ['Roberval—Lac-Saint-Jean'], ['Lac-Saint-Jean', 'Jonquière (electoral district)'])"
Rosemont—La Petite-Patrie,"('1979', '2000', ['Lafontaine (electoral district)', 'Maisonneuve—Rosemont', 'Papineau (electoral district)', 'Saint-Michel (electoral district)'], ['Rosemont—Petite-Patrie'])","('2000', '2004', ['Rosemont—Petite-Patrie'], ['Rosemont—La Petite-Patrie'])","('2004', '2019', ['Rosemont—La Petite-Patrie'], ['Current riding'])"
Saint-Maurice—Champlain,"('2004', '2019', ['Abitibi—Baie-James—Nunavik', 'Champlain (electoral district)', 'Roberval (electoral district)', 'Saint-Maurice (electoral district)'], ['Current riding'])"
Vaudreuil-Soulanges (electoral district),"('1917', '1968', ['Vaudreuil (electoral district)', 'Soulanges (electoral district)'], ['Vaudreuil (electoral district)'])","('1997', '2015', ['Vaudreuil (electoral district)'], ['Vaudreuil—Soulanges'])","('2015', '2019', ['Vaudreuil—Soulanges'], ['Current riding'])"
Desnethé—Missinippi—Churchill River,"('1997', '2004', ['Prince Albert—Churchill River', 'Mackenzie (electoral district)', 'The Battlefords—Meadow Lake'], ['Desnethé—Missinippi—Churchill River'])","('2004', '2019', ['Desnethé—Missinippi—Churchill River'], ['Current riding'])"
Regina—Qu'Appelle,"('1904', '1968', [""Qu'Appelle""], [""Qu'Appelle—Moose Mountain"", 'Regina—Lake Centre', 'Regina East', 'Assiniboia (electoral district)'])","('1988', '1997', ['Assiniboia (electoral district)', 'Humboldt—Lake Centre', ""Qu'Appelle—Moose Mountain""], [""Qu'Appelle""])","('1997', '2000', [""Qu'Appelle""], [""Regina—Qu'Appelle""])","('2000', '2019', [""Regina—Qu'Appelle""], ['Current riding'])"
